record_date,debt_held_public_amt,intragov_hold_amt,tot_pub_debt_out_amt,src_line_nbr,record_fiscal_year,record_fiscal_quarter,record_calendar_year,record_calendar_quarter,record_calendar_month,record_calendar_day
2023-06-29,25430243041777.75,6887528328138.1,32317771369915.85,1,2023,3,2023,2,06,29
2023-06-30,25461998188055.84,6870275996707.15,32332274184762.99,1,2023,3,2023,2,06,30
2023-07-03,25459084714008.85,6861775945258.87,32320860659267.72,1,2023,4,2023,3,07,03
2023-07-05,25519177294520.73,6882950276436.94,32402127570957.67,1,2023,4,2023,3,07,05
2023-07-06,25589897134579.63,6884516187620.92,32474413322200.55,1,2023,4,2023,3,07,06
2023-07-07,25589710081130.35,6887846940074.65,32477557021205.0,1,2023,4,2023,3,07,07
2023-07-10,25588803096223.83,6892303235964.87,32481106332188.7,1,2023,4,2023,3,07,10
2023-07-11,25633781683720.91,6904685134353.32,32538466818074.23,1,2023,4,2023,3,07,11
2023-07-12,25633821130387.02,6884574686385.15,32518395816772.17,1,2023,4,2023,3,07,12
2023-07-13,25653457820714.17,6888864972685.43,32542322793399.6,1,2023,4,2023,3,07,13
2023-07-14,25653572867943.31,6888837915123.21,32542410783066.52,1,2023,4,2023,3,07,14
2023-07-17,25640127926386.32,6894882259909.02,32535010186295.34,1,2023,4,2023,3,07,17
2023-07-18,25679320577331.03,6911611290661.74,32590931867992.77,1,2023,4,2023,3,07,18
2023-07-19,25679252837370.23,6890662138007.97,32569914975378.2,1,2023,4,2023,3,07,19
2023-07-20,25696346915423.59,6895879413477.71,32592226328901.3,1,2023,4,2023,3,07,20
2023-07-21,25696711160445.54,6896251664018.17,32592962824463.71,1,2023,4,2023,3,07,21
2023-07-24,25696796546929.52,6900972490264.11,32597769037193.63,1,2023,4,2023,3,07,24
2023-07-25,25731318151865.02,6919905604112.59,32651223755977.61,1,2023,4,2023,3,07,25
2023-07-26,25731546565342.25,6903300137401.85,32634846702744.1,1,2023,4,2023,3,07,26
2023-07-27,25753140068904.18,6906238622345.23,32659378691249.41,1,2023,4,2023,3,07,27
2023-07-28,25752739140296.84,6904381456201.17,32657120596498.01,1,2023,4,2023,3,07,28
2023-07-31,25708799188483.91,6899785884182.23,32608585072666.14,1,2023,4,2023,3,07,31
2023-08-01,25740123485927.36,6847445496577.85,32587568982505.21,1,2023,4,2023,3,08,01
2023-08-02,25740356333124.46,6858995021324.67,32599351354449.13,1,2023,4,2023,3,08,02
2023-08-03,25759287856824.22,6845039787664.48,32604327644488.7,1,2023,4,2023,3,08,03
2023-08-04,25758851818235.69,6844294256893.84,32603146075129.53,1,2023,4,2023,3,08,04
2023-08-07,25759016987176.09,6852289812132.15,32611306799308.24,1,2023,4,2023,3,08,07
2023-08-08,25778440181711.5,6865696682925.27,32644136864636.77,1,2023,4,2023,3,08,08
2023-08-09,25778304585040.2,6842625742793.91,32620930327834.11,1,2023,4,2023,3,08,09
2023-08-10,25812225197718.34,6845837808892.23,32658063006610.57,1,2023,4,2023,3,08,10
2023-08-11,25812094620607.35,6846513599635.79,32658608220243.14,1,2023,4,2023,3,08,11
2023-08-14,25812732982266.5,6850797467502.27,32663530449768.77,1,2023,4,2023,3,08,14
2023-08-15,25814344975175.86,6865596448992.73,32679941424168.59,1,2023,4,2023,3,08,15
2023-08-16,25814897784477.01,6846680465200.02,32661578249677.03,1,2023,4,2023,3,08,16
2023-08-17,25850475396069.84,6853217148560.19,32703692544630.03,1,2023,4,2023,3,08,17
2023-08-18,25850890627408.14,6853524326841.34,32704414954249.48,1,2023,4,2023,3,08,18
2023-08-21,25851338453031.71,6859296010089.41,32710634463121.12,1,2023,4,2023,3,08,21
2023-08-22,25886489572735.04,6872817707411.95,32759307280146.99,1,2023,4,2023,3,08,22
2023-08-23,25886300370614.66,6854072396998.96,32740372767613.62,1,2023,4,2023,3,08,23
2023-08-24,25922115213450.97,6855764514954.54,32777879728405.51,1,2023,4,2023,3,08,24
2023-08-25,25946514803377.09,6863708742769.77,32810223546146.86,1,2023,4,2023,3,08,25
2023-08-28,25947218499165.31,6867224506399.54,32814443005564.85,1,2023,4,2023,3,08,28
2023-08-29,25982708609301.7,6873750407310.25,32856459016611.95,1,2023,4,2023,3,08,29
2023-08-30,25982664124907.71,6871788732712.39,32854452857620.1,1,2023,4,2023,3,08,30
2023-08-31,26044050577584.54,6870098786176.41,32914149363760.95,1,2023,4,2023,3,08,31
2023-09-01,26044507800625.7,6797008538428.83,32841516339054.53,1,2023,4,2023,3,09,01
2023-09-05,26077617922113.74,6813047295592.09,32890665217705.83,1,2023,4,2023,3,09,05
2023-09-06,26077580698557.5,6825573000129.27,32903153698686.77,1,2023,4,2023,3,09,06
2023-09-07,26108844533675.44,6826805949872.26,32935650483547.7,1,2023,4,2023,3,09,07
2023-09-08,26109080792236.31,6831580411285.56,32940661203521.87,1,2023,4,2023,3,09,08
2023-09-11,26109190196680.37,6831439396144.29,32940629592824.66,1,2023,4,2023,3,09,11
2023-09-12,26140258067985.33,6839663548727.33,32979921616712.66,1,2023,4,2023,3,09,12
2023-09-13,26140787908311.45,6818717245265.57,32959505153577.02,1,2023,4,2023,3,09,13
2023-09-14,26166758026969.24,6821874816694.86,32988632843664.1,1,2023,4,2023,3,09,14
2023-09-15,26214467619830.38,6830391110637.66,33044858730468.04,1,2023,4,2023,3,09,15
2023-09-18,26214774694145.72,6839176143575.18,33053950837720.9,1,2023,4,2023,3,09,18
2023-09-19,26234340083526.65,6857504027289.0,33091844110815.65,1,2023,4,2023,3,09,19
2023-09-20,26234126979922.55,6836676863562.09,33070803843484.64,1,2023,4,2023,3,09,20
2023-09-21,26256883939422.64,6843524418049.17,33100408357471.81,1,2023,4,2023,3,09,21
2023-09-22,26257563828493.74,6844401974406.66,33101965802900.4,1,2023,4,2023,3,09,22
2023-09-25,26257540552723.9,6854519839226.39,33112060391950.29,1,2023,4,2023,3,09,25
2023-09-26,26275119110710.2,6871289883822.16,33146408994532.36,1,2023,4,2023,3,09,26
2023-09-27,26274995762333.71,6851915709042.1,33126911471375.81,1,2023,4,2023,3,09,27
2023-09-28,26289027123953.3,6837449252984.06,33126476376937.36,1,2023,4,2023,3,09,28
2023-09-29,26330142473191.94,6837191571531.22,33167334044723.16,1,2023,4,2023,3,09,29
2023-10-02,26339002538627.28,7103146080990.15,33442148619617.43,1,2024,1,2023,4,10,02
2023-10-03,26367058728957.29,7107846139069.01,33474904868026.3,1,2024,1,2023,4,10,03
2023-10-04,26366947230514.69,7111012817290.78,33477960047805.47,1,2024,1,2023,4,10,04
2023-10-05,26401336139723.41,7112046372940.1,33513382512663.51,1,2024,1,2023,4,10,05
2023-10-06,26402295025521.83,7108538575708.38,33510833601230.21,1,2024,1,2023,4,10,06
2023-10-10,26436036277654.31,7114203028248.53,33550239305902.84,1,2024,1,2023,4,10,10
2023-10-11,26436716538490.99,7100421340919.42,33537137879410.41,1,2024,1,2023,4,10,11
2023-10-12,26427019000844.73,7096045673167.62,33523064674012.35,1,2024,1,2023,4,10,12
2023-10-13,26426737912612.51,7102390342575.97,33529128255188.48,1,2024,1,2023,4,10,13
2023-10-16,26474358051666.99,7115946521626.46,33590304573293.45,1,2024,1,2023,4,10,16
2023-10-17,26514681646246.71,7134005204720.78,33648686850967.49,1,2024,1,2023,4,10,17
2023-10-18,26514600427747.18,7114586677875.61,33629187105622.79,1,2024,1,2023,4,10,18
2023-10-19,26514791447517.55,7112152531967.57,33626943979485.12,1,2024,1,2023,4,10,19
2023-10-20,26514640558602.24,7112638635740.8,33627279194343.04,1,2024,1,2023,4,10,20
2023-10-23,26515454944212.13,7120558838973.59,33636013783185.72,1,2024,1,2023,4,10,23
2023-10-24,26555329165607.14,7128889946257.62,33684219111864.76,1,2024,1,2023,4,10,24
2023-10-25,26555586966540.18,7117822075798.25,33673409042338.43,1,2024,1,2023,4,10,25
2023-10-26,26555584041129.64,7120382649170.96,33675966690300.6,1,2024,1,2023,4,10,26
2023-10-27,26555921813583.64,7119662177726.68,33675583991310.32,1,2024,1,2023,4,10,27
2023-10-30,26556166875895.44,7119286705255.86,33675453581151.3,1,2024,1,2023,4,10,30
2023-10-31,26576222054905.35,7123358284223.14,33699580339128.49,1,2024,1,2023,4,10,31
2023-11-01,26575012517991.32,7062948956745.32,33637961474736.64,1,2024,1,2023,4,11,01
2023-11-02,26630281961741.23,7064028484339.35,33694310446080.58,1,2024,1,2023,4,11,02
2023-11-03,26630035169821.74,7047760798503.63,33677795968325.37,1,2024,1,2023,4,11,03
2023-11-06,26630878504859.46,7054670518622.98,33685549023482.44,1,2024,1,2023,4,11,06
2023-11-07,26660759220080.83,7062365782803.4,33723125002884.23,1,2024,1,2023,4,11,07
2023-11-08,26661887346319.75,7042631955438.58,33704519301758.33,1,2024,1,2023,4,11,08
2023-11-09,26656287173188.21,7044415221297.82,33700702394486.03,1,2024,1,2023,4,11,09
2023-11-10,26656297228213.21,7044221816895.7,33700519045108.91,1,2024,1,2023,4,11,10
2023-11-13,26656511120514.98,7047840223777.05,33704351344292.03,1,2024,1,2023,4,11,13
2023-11-14,26682674360903.6,7058084579394.54,33740758940298.14,1,2024,1,2023,4,11,14
2023-11-15,26660731529922.48,7042068826834.69,33702800356757.17,1,2024,1,2023,4,11,15
2023-11-16,26692308892194.77,7047831408550.3,33740140300745.07,1,2024,1,2023,4,11,16
2023-11-17,26692227905141.52,7053933299692.68,33746161204834.2,1,2024,1,2023,4,11,17
2023-11-20,26692445815829.42,7057731130389.17,33750176946218.59,1,2024,1,2023,4,11,20
2023-11-21,26718585115383.15,7067892421289.93,33786477536673.08,1,2024,1,2023,4,11,21
2023-11-22,26720115499960.31,7046303455654.53,33766418955614.84,1,2024,1,2023,4,11,22
2023-11-24,26771331485159.67,7055955956735.31,33827287441894.98,1,2024,1,2023,4,11,24
2023-11-27,26771780819894.09,7064913173966.26,33836693993860.35,1,2024,1,2023,4,11,27
2023-11-28,26777703430303.32,7074148512644.33,33851851942947.65,1,2024,1,2023,4,11,28
2023-11-29,26777711219088.21,7071491031182.63,33849202250270.84,1,2024,1,2023,4,11,29
2023-11-30,26843822063762.45,7034857303738.75,33878679367501.2,1,2024,1,2023,4,11,30
2023-12-01,26841899141108.59,6960778764596.98,33802677905705.57,1,2024,1,2023,4,12,01
2023-12-04,26842268790912.46,6972353185685.74,33814621976598.2,1,2024,1,2023,4,12,04
2023-12-05,26836499357657.48,6981876798788.72,33818376156446.2,1,2024,1,2023,4,12,05
2023-12-06,26836216971556.28,6981894333835.05,33818111305391.33,1,2024,1,2023,4,12,06
2023-12-07,26846003455945.39,6986812258814.7,33832815714760.09,1,2024,1,2023,4,12,07
2023-12-08,26845547562977.79,7001818570987.49,33847366133965.28,1,2024,1,2023,4,12,08
2023-12-11,26845481309902.06,7007047281644.33,33852528591546.39,1,2024,1,2023,4,12,11
2023-12-12,26833040275300.98,7018280929987.18,33851321205288.16,1,2024,1,2023,4,12,12
2023-12-13,26831255346478.6,6996955240224.82,33828210586703.42,1,2024,1,2023,4,12,13
2023-12-14,26839408031723.6,7000993486502.09,33840401518225.69,1,2024,1,2023,4,12,14
2023-12-15,26884830017231.68,6999015818324.36,33883845835556.04,1,2024,1,2023,4,12,15
2023-12-18,26884939028732.74,7006346105979.34,33891285134712.08,1,2024,1,2023,4,12,18
2023-12-19,26869396109579.57,7022719305079.53,33892115414659.1,1,2024,1,2023,4,12,19
2023-12-20,26870588772826.8,6999934731881.97,33870523504708.77,1,2024,1,2023,4,12,20
2023-12-21,26881279631976.22,7006386458682.18,33887666090658.4,1,2024,1,2023,4,12,21
2023-12-22,26880796429891.38,7020222898994.39,33901019328885.77,1,2024,1,2023,4,12,22
2023-12-26,26876124826110.32,7029348610162.06,33905473436272.38,1,2024,1,2023,4,12,26
2023-12-27,26876335151615.88,7019748226632.17,33896083378248.05,1,2024,1,2023,4,12,27
2023-12-28,26891920450910.61,7019307272259.87,33911227723170.48,1,2024,1,2023,4,12,28
2023-12-29,26938517614684.59,7062976040880.89,34001493655565.48,1,2024,1,2023,4,12,29
2024-01-02,26966333707733.52,7023793814333.31,33990127522066.83,1,2024,2,2024,1,01,02
2024-01-03,26967954226517.79,7026265646050.06,33994219872567.85,1,2024,2,2024,1,01,03
2024-01-04,26976928852286.78,7029342078398.78,34006270930685.56,1,2024,2,2024,1,01,04
2024-01-05,26976084404477.05,7033605651118.76,34009690055595.81,1,2024,2,2024,1,01,05
2024-01-08,26973939599749.78,7038259272542.18,34012198872291.96,1,2024,2,2024,1,01,08
2024-01-09,26974750049637.37,7050025008944.09,34024775058581.46,1,2024,2,2024,1,01,09
2024-01-10,26974362934797.17,7028075942693.64,34002438877490.81,1,2024,2,2024,1,01,10
2024-01-11,26985019110585.66,7073494783888.42,34058513894474.08,1,2024,2,2024,1,01,11
2024-01-12,26984681279437.27,7073476530013.9,34058157809451.17,1,2024,2,2024,1,01,12
2024-01-16,26977085934722.47,7084465647453.58,34061551582176.05,1,2024,2,2024,1,01,16
2024-01-17,26977279309230.03,7082884138400.4,34060163447630.43,1,2024,2,2024,1,01,17
2024-01-18,26986540939549.35,7083359192203.67,34069900131753.02,1,2024,2,2024,1,01,18
2024-01-19,26985839298705.0,7086502734234.15,34072342032939.15,1,2024,2,2024,1,01,19
2024-01-22,26985255075314.51,7091416642396.9,34076671717711.41,1,2024,2,2024,1,01,22
2024-01-23,27003770167433.26,7105608208310.77,34109378375744.03,1,2024,2,2024,1,01,23
2024-01-24,27002945955816.55,7085429121176.76,34088375076993.31,1,2024,2,2024,1,01,24
2024-01-25,27031896294653.96,7103634187637.92,34135530482291.88,1,2024,2,2024,1,01,25
2024-01-26,27031563517077.75,7103893544561.61,34135457061639.36,1,2024,2,2024,1,01,26
2024-01-29,27031268655335.78,7107203835974.24,34138472491310.02,1,2024,2,2024,1,01,29
2024-01-30,27058247867739.38,7114581473729.03,34172829341468.41,1,2024,2,2024,1,01,30
2024-01-31,27071861894841.0,7119288507552.64,34191150402393.64,1,2024,2,2024,1,01,31
2024-02-01,27096145994220.71,7058869635447.96,34155015629668.67,1,2024,2,2024,1,02,01
2024-02-02,27095216791114.36,7052130829072.51,34147347620186.87,1,2024,2,2024,1,02,02
2024-02-05,27095044263981.65,7058929865486.06,34153974129467.71,1,2024,2,2024,1,02,05
2024-02-06,27125821609881.79,7070743038173.98,34196564648055.77,1,2024,2,2024,1,02,06
2024-02-07,27125624577903.55,7071969914445.93,34197594492349.48,1,2024,2,2024,1,02,07
2024-02-08,27150016696468.02,7078682446985.32,34228699143453.34,1,2024,2,2024,1,02,08
2024-02-09,27149917447710.42,7078260848636.45,34228178296346.87,1,2024,2,2024,1,02,09
2024-02-12,27148944676868.26,7081838788515.02,34230783465383.28,1,2024,2,2024,1,02,12
2024-02-13,27177924667834.49,7091135826080.32,34269060493914.81,1,2024,2,2024,1,02,13
2024-02-14,27178010959199.55,7067304272552.47,34245315231752.02,1,2024,2,2024,1,02,14
2024-02-15,27184526004247.38,7081535008405.83,34266061012653.21,1,2024,2,2024,1,02,15
2024-02-16,27183667231435.16,7083563504673.22,34267230736108.38,1,2024,2,2024,1,02,16
2024-02-20,27208868737795.66,7096251893857.85,34305120631653.51,1,2024,2,2024,1,02,20
2024-02-21,27209148794470.33,7088619180868.87,34297767975339.2,1,2024,2,2024,1,02,21
2024-02-22,27242557270675.99,7089449355644.49,34332006626320.48,1,2024,2,2024,1,02,22
2024-02-23,27270277998967.49,7097920373931.67,34368198372899.16,1,2024,2,2024,1,02,23
2024-02-26,27270274003272.75,7106043048764.48,34376317052037.23,1,2024,2,2024,1,02,26
2024-02-27,27290138516220.85,7115061855089.5,34405200371310.35,1,2024,2,2024,1,02,27
2024-02-28,27290151250136.39,7091996957424.14,34382148207560.53,1,2024,2,2024,1,02,28
2024-02-29,27380289989183.77,7090793248927.98,34471083238111.75,1,2024,2,2024,1,02,29
2024-03-01,27378941449836.41,7014320949165.99,34393262399002.4,1,2024,2,2024,1,03,01
2024-03-04,27379505983815.03,7031386208537.02,34410892192352.05,1,2024,2,2024,1,03,04
2024-03-05,27394922018989.52,7044028048971.81,34438950067961.33,1,2024,2,2024,1,03,05
2024-03-06,27395073293225.1,7045758662531.44,34440831955756.54,1,2024,2,2024,1,03,06
2024-03-07,27409658010123.01,7051748549610.47,34461406559733.48,1,2024,2,2024,1,03,07
2024-03-08,27410398214937.37,7054660043964.07,34465058258901.44,1,2024,2,2024,1,03,08
2024-03-11,27411563369863.19,7059919295715.01,34471482665578.2,1,2024,2,2024,1,03,11
2024-03-12,27424259576638.32,7072944247261.9,34497203823900.22,1,2024,2,2024,1,03,12
2024-03-13,27424590793153.92,7051283950252.72,34475874743406.64,1,2024,2,2024,1,03,13
2024-03-14,27434194395974.08,7052025630311.87,34486220026285.95,1,2024,2,2024,1,03,14
2024-03-15,27486685431293.39,7056153065969.55,34542838497262.94,1,2024,2,2024,1,03,15
2024-03-18,27486890326230.45,7064472922609.44,34551363248839.89,1,2024,2,2024,1,03,18
2024-03-19,27495560223464.06,7086744301426.82,34582304524890.88,1,2024,2,2024,1,03,19
2024-03-20,27495310693451.23,7065862968742.96,34561173662194.19,1,2024,2,2024,1,03,20
2024-03-21,27511234577616.74,7066797643893.09,34578032221509.83,1,2024,2,2024,1,03,21
2024-03-22,27511504384092.25,7070616881941.32,34582121266033.57,1,2024,2,2024,1,03,22
2024-03-25,27512574463575.43,7085613527787.28,34598187991362.71,1,2024,2,2024,1,03,25
2024-03-26,27500757154307.8,7093631715867.86,34594388870175.66,1,2024,2,2024,1,03,26
2024-03-27,27503290057476.61,7069909488364.82,34573199545841.43,1,2024,2,2024,1,03,27
2024-03-28,27511740986475.77,7066868170703.55,34578609157179.32,1,2024,2,2024,1,03,28
2024-03-29,27511454993243.97,7075078486105.91,34586533479349.88,1,2024,2,2024,1,03,29
2024-04-01,27597003078569.01,7030198254495.09,34627201333064.1,1,2024,3,2024,2,04,01
2024-04-02,27571024016005.42,7051267854045.71,34622291870051.13,1,2024,3,2024,2,04,02
2024-04-03,27570738421546.27,7033599371339.04,34604337792885.31,1,2024,3,2024,2,04,03
2024-04-04,27557979891134.54,7040988643812.82,34598968534947.36,1,2024,3,2024,2,04,04
2024-04-05,27558067093863.29,7042576398721.81,34600643492585.1,1,2024,3,2024,2,04,05
2024-04-08,27559152334116.88,7049260226525.59,34608412560642.47,1,2024,3,2024,2,04,08
2024-04-09,27523837629266.01,7057172370278.52,34581009999544.53,1,2024,3,2024,2,04,09
2024-04-10,27524683546141.8,7036331970814.48,34561015516956.28,1,2024,3,2024,2,04,10
2024-04-11,27509726461018.85,7041110153612.83,34550836614631.68,1,2024,3,2024,2,04,11
2024-04-12,27509636671273.47,7043582954372.04,34553219625645.51,1,2024,3,2024,2,04,12
2024-04-15,27525652789136.96,7077550042873.79,34603202832010.75,1,2024,3,2024,2,04,15
2024-04-16,27491006854258.45,7099994476618.46,34591001330876.91,1,2024,3,2024,2,04,16
2024-04-17,27491018195859.82,7085470313069.1,34576488508928.92,1,2024,3,2024,2,04,17
2024-04-18,27485307938326.14,7097787027218.4,34583094965544.54,1,2024,3,2024,2,04,18
2024-04-19,27484861367243.35,7100666815532.11,34585528182775.46,1,2024,3,2024,2,04,19
2024-04-22,27486473714908.65,7105302639344.76,34591776354253.41,1,2024,3,2024,2,04,22
2024-04-23,27461262921654.41,7120619319098.66,34581882240753.07,1,2024,3,2024,2,04,23
2024-04-24,27461572886205.56,7110054235908.52,34571627122114.08,1,2024,3,2024,2,04,24
2024-04-25,27443681857808.67,7111287168059.44,34554969025868.11,1,2024,3,2024,2,04,25
2024-04-26,27444491423362.55,7113923533728.96,34558414957091.51,1,2024,3,2024,2,04,26
2024-04-29,27445183037521.17,7117577083996.89,34562760121518.06,1,2024,3,2024,2,04,29
2024-04-30,27480960216618.32,7136033799632.56,34616994016250.88,1,2024,3,2024,2,04,30
2024-05-01,27479892592950.49,7078393608553.75,34558286201504.24,1,2024,3,2024,2,05,01
2024-05-02,27462987329423.76,7100361488780.74,34563348818204.5,1,2024,3,2024,2,05,02
2024-05-03,27462531568558.89,7085674715847.52,34548206284406.41,1,2024,3,2024,2,05,03
2024-05-06,27463657361740.46,7097190278087.13,34560847639827.59,1,2024,3,2024,2,05,06
2024-05-07,27453420769237.9,7105974470632.43,34559395239870.33,1,2024,3,2024,2,05,07
2024-05-08,27454500607320.58,7087227363278.59,34541727970599.17,1,2024,3,2024,2,05,08
2024-05-09,27453899461694.5,7091012790160.03,34544912251854.53,1,2024,3,2024,2,05,09
2024-05-10,27453861306796.2,7090730710809.52,34544592017605.72,1,2024,3,2024,2,05,10
2024-05-13,27455172055232.87,7096990063615.0,34552162118847.87,1,2024,3,2024,2,05,13
2024-05-14,27459796281794.85,7112713088036.93,34572509369831.78,1,2024,3,2024,2,05,14
2024-05-15,27444319743354.59,7090525707392.57,34534845450747.16,1,2024,3,2024,2,05,15
2024-05-16,27456418787486.41,7096512136256.51,34552930923742.92,1,2024,3,2024,2,05,16
2024-05-17,27456876652491.59,7104020702286.11,34560897354777.7,1,2024,3,2024,2,05,17
2024-05-20,27458745418356.45,7110365893564.62,34569111311921.07,1,2024,3,2024,2,05,20
2024-05-21,27466193557963.77,7119366637073.07,34585560195036.84,1,2024,3,2024,2,05,21
2024-05-22,27469724120218.74,7098530393796.65,34568254514015.39,1,2024,3,2024,2,05,22
2024-05-23,27473485937031.6,7103643031520.03,34577128968551.63,1,2024,3,2024,2,05,23
2024-05-24,27473812202939.87,7114168241161.52,34587980444101.39,1,2024,3,2024,2,05,24
2024-05-28,27485640159741.04,7120527755284.89,34606167915025.93,1,2024,3,2024,2,05,28
2024-05-29,27487157223434.84,7134501132017.34,34621658355452.18,1,2024,3,2024,2,05,29
2024-05-30,27479078222866.95,7130718594560.7,34609796817427.65,1,2024,3,2024,2,05,30
2024-05-31,27606806621699.92,7060308520700.91,34667115142400.83,1,2024,3,2024,2,05,31
2024-06-03,27604546247462.02,7030817895866.12,34635364143328.14,1,2024,3,2024,2,06,03
2024-06-04,27601036912476.19,7054598976613.93,34655635889090.12,1,2024,3,2024,2,06,04
2024-06-05,27601771436920.21,7058129597685.48,34659901034605.69,1,2024,3,2024,2,06,05
2024-06-06,27590071808237.64,7080560846029.55,34670632654267.19,1,2024,3,2024,2,06,06
2024-06-07,27590412991651.25,7082479056181.28,34672892047832.53,1,2024,3,2024,2,06,07
2024-06-10,27590884592514.35,7118535504661.53,34709420097175.88,1,2024,3,2024,2,06,10
2024-06-11,27576833611186.52,7126102177829.74,34702935789016.26,1,2024,3,2024,2,06,11
2024-06-12,27576420914357.7,7104892790319.76,34681313704677.46,1,2024,3,2024,2,06,12
2024-06-13,27572656623723.99,7110924005833.71,34683580629557.7,1,2024,3,2024,2,06,13
2024-06-14,27571224186740.96,7109857211392.89,34681081398133.85,1,2024,3,2024,2,06,14
2024-06-17,27627953593560.5,7122545236427.05,34750498829987.55,1,2024,3,2024,2,06,17
2024-06-18,27614043126341.21,7120067780594.39,34734110906935.6,1,2024,3,2024,2,06,18
2024-06-20,27596094209621.92,7129756113986.3,34725850323608.22,1,2024,3,2024,2,06,20
2024-06-21,27594481222617.96,7139266543546.35,34733747766164.31,1,2024,3,2024,2,06,21
2024-06-24,27594422516851.49,7154179953134.65,34748602469986.14,1,2024,3,2024,2,06,24
2024-06-25,27580828533331.25,7167570155124.24,34748398688455.49,1,2024,3,2024,2,06,25
2024-06-26,27581121643497.46,7143567623465.65,34724689266963.11,1,2024,3,2024,2,06,26
2024-06-27,27564579398180.52,7158197529065.63,34722776927246.15,1,2024,3,2024,2,06,27
2024-06-28,27612896549329.17,7218737882064.3,34831634431393.47,1,2024,3,2024,2,06,28
2024-07-01,27686611898025.85,7154447730760.95,34841059628786.8,1,2024,4,2024,3,07,01
2024-07-02,27696947664513.33,7169092766813.98,34866040431327.31,1,2024,4,2024,3,07,02
2024-07-03,27696496266059.51,7151072723994.62,34847568990054.13,1,2024,4,2024,3,07,03
2024-07-05,27693475216355.36,7158726071239.68,34852201287595.04,1,2024,4,2024,3,07,05
2024-07-08,27693672925726.72,7163717134101.38,34857390059828.1,1,2024,4,2024,3,07,08
2024-07-09,27709504208843.5,7174867301204.1,34884371510047.6,1,2024,4,2024,3,07,09
2024-07-10,27710406330174.17,7150915328510.84,34861321658685.01,1,2024,4,2024,3,07,10
2024-07-11,27733802372114.6,7155137174411.31,34888939546525.91,1,2024,4,2024,3,07,11
2024-07-12,27734096471188.88,7155116955778.2,34889213426967.08,1,2024,4,2024,3,07,12
2024-07-15,27750724960754.6,7160922593309.75,34911647554064.35,1,2024,4,2024,3,07,15
2024-07-16,27775830463860.98,7164323729749.66,34940154193610.64,1,2024,4,2024,3,07,16
2024-07-17,27775355611306.52,7147921508920.43,34923277120226.95,1,2024,4,2024,3,07,17
2024-07-18,27794421298152.71,7151541980253.58,34945963278406.29,1,2024,4,2024,3,07,18
2024-07-19,27793280970095.1,7150970860497.82,34944251830592.92,1,2024,4,2024,3,07,19
2024-07-22,27793300671842.76,7156838325296.59,34950138997139.35,1,2024,4,2024,3,07,22
2024-07-23,27817639139025.78,7170482190259.74,34988121329285.52,1,2024,4,2024,3,07,23
2024-07-24,27817951354978.31,7151626944488.87,34969578299467.18,1,2024,4,2024,3,07,24
2024-07-25,27834323519790.43,7163216985312.9,34997540505103.33,1,2024,4,2024,3,07,25
2024-07-26,27834220424052.01,7167057755156.66,35001278179208.67,1,2024,4,2024,3,07,26
2024-07-29,27834326750512.37,7170089179786.63,35004415930299.0,1,2024,4,2024,3,07,29
2024-07-30,27864367559006.15,7178842418681.12,35043209977687.27,1,2024,4,2024,3,07,30
2024-07-31,27930511528793.83,7174259120507.2,35104770649301.03,1,2024,4,2024,3,07,31
2024-08-01,27946897741746.23,7112504605395.29,35059402347141.52,1,2024,4,2024,3,08,01
2024-08-02,27946832554647.4,7104596139907.59,35051428694554.99,1,2024,4,2024,3,08,02
2024-08-05,27945957511453.95,7113298864999.19,35059256376453.14,1,2024,4,2024,3,08,05
2024-08-06,27969087300801.08,7116699195042.16,35085786495843.24,1,2024,4,2024,3,08,06
2024-08-07,27969804303787.95,7124952042132.36,35094756345920.31,1,2024,4,2024,3,08,07
2024-08-08,27992303945196.96,7131024032831.51,35123327978028.47,1,2024,4,2024,3,08,08
2024-08-09,27991430891417.81,7131096240988.62,35122527132406.43,1,2024,4,2024,3,08,09
2024-08-12,27992486779604.18,7134363382135.09,35126850161739.27,1,2024,4,2024,3,08,12
2024-08-13,28017164049453.46,7143185532931.21,35160349582384.67,1,2024,4,2024,3,08,13
2024-08-14,28017226473416.87,7120398188567.53,35137624661984.4,1,2024,4,2024,3,08,14
2024-08-15,28032945816619.67,7136217961620.68,35169163778240.35,1,2024,4,2024,3,08,15
2024-08-16,28030070022009.33,7137158169204.13,35167228191213.46,1,2024,4,2024,3,08,16
2024-08-19,28030148229238.57,7147885883999.5,35178034113238.07,1,2024,4,2024,3,08,19
2024-08-20,28055639080735.21,7160261289357.86,35215900370093.07,1,2024,4,2024,3,08,20
2024-08-21,28056284385951.98,7137714893321.8,35193999279273.78,1,2024,4,2024,3,08,21
2024-08-22,28067310011637.03,7143040787909.09,35210350799546.12,1,2024,4,2024,3,08,22
2024-08-23,28067340611051.07,7146626489434.08,35213967100485.15,1,2024,4,2024,3,08,23
2024-08-26,28066894450384.91,7158290450800.92,35225184901185.83,1,2024,4,2024,3,08,26
2024-08-27,28122457986740.07,7167034016414.92,35289492003154.99,1,2024,4,2024,3,08,27
2024-08-28,28122421845095.35,7147274425768.51,35269696270863.86,1,2024,4,2024,3,08,28
2024-08-29,28132284797344.23,7147491348090.06,35279776145434.29,1,2024,4,2024,3,08,29
2024-08-30,28168005045836.45,7088051796953.61,35256056842790.06,1,2024,4,2024,3,08,30
2024-09-03,28252444995767.33,7067241644842.65,35319686640609.98,1,2024,4,2024,3,09,03
2024-09-04,28254186047367.95,7089638690647.07,35343824738015.02,1,2024,4,2024,3,09,04
2024-09-05,28258350864244.38,7087221290491.77,35345572154736.15,1,2024,4,2024,3,09,05
2024-09-06,28253281258134.21,7089805247432.0,35343086505566.21,1,2024,4,2024,3,09,06
2024-09-09,28253299707543.31,7093332564103.3,35346632271646.61,1,2024,4,2024,3,09,09
2024-09-10,28232619428904.84,7098542261688.57,35331161690593.41,1,2024,4,2024,3,09,10
2024-09-11,28232460501393.03,7076724111476.97,35309184612870.0,1,2024,4,2024,3,09,11
2024-09-12,28193985562400.05,7079894192517.33,35273879754917.38,1,2024,4,2024,3,09,12
2024-09-13,28188906439845.65,7079875149516.27,35268781589361.92,1,2024,4,2024,3,09,13
2024-09-16,28245785759097.01,7100683810500.73,35346469569597.74,1,2024,4,2024,3,09,16
2024-09-17,28227359906344.68,7123482404426.42,35350842310771.1,1,2024,4,2024,3,09,17
2024-09-18,28228475054525.36,7102794566587.72,35331269621113.08,1,2024,4,2024,3,09,18
2024-09-19,28220680267543.24,7106966355296.21,35327646622839.45,1,2024,4,2024,3,09,19
2024-09-20,28214574834140.68,7105135901991.38,35319710736132.06,1,2024,4,2024,3,09,20
2024-09-23,28215447150317.52,7109189229029.7,35324636379347.22,1,2024,4,2024,3,09,23
2024-09-24,28195893512737.15,7128431963631.2,35324325476368.35,1,2024,4,2024,3,09,24
2024-09-25,28194235452983.9,7109729711468.98,35303965164452.88,1,2024,4,2024,3,09,25
2024-09-26,28182178946545.8,7114188338406.46,35296367284952.26,1,2024,4,2024,3,09,26
2024-09-27,28208786657768.96,7112550686631.47,35321337344400.43,1,2024,4,2024,3,09,27
2024-09-30,28307312290783.0,7157361638388.69,35464673929171.69,1,2024,4,2024,3,09,30
2024-10-01,28312629054720.67,7356318312461.42,35668947367182.09,1,2025,1,2024,4,10,01
2024-10-02,28313722594978.62,7364038013056.83,35677760608035.45,1,2025,1,2024,4,10,02
2024-10-03,28322639420813.57,7355157421706.13,35677796842519.7,1,2025,1,2024,4,10,03
2024-10-04,28323365082799.83,7357149733233.09,35680514816032.92,1,2025,1,2024,4,10,04
2024-10-07,28321844291432.89,7360773507338.91,35682617798771.8,1,2025,1,2024,4,10,07
2024-10-08,28341720350763.38,7375985314369.29,35717705665132.67,1,2025,1,2024,4,10,08
2024-10-09,28341479458057.01,7352361803495.03,35693841261552.04,1,2025,1,2024,4,10,09
2024-10-10,28353945611403.78,7326688472528.4,35680634083932.18,1,2025,1,2024,4,10,10
2024-10-11,28351123484517.83,7356196197995.43,35707319682513.26,1,2025,1,2024,4,10,11
2024-10-15,28383518035772.03,7367753772853.42,35751271808625.45,1,2025,1,2024,4,10,15
2024-10-16,28386150164608.48,7357363382856.39,35743513547464.87,1,2025,1,2024,4,10,16
2024-10-17,28404121037347.13,7364963434177.25,35769084471524.38,1,2025,1,2024,4,10,17
2024-10-18,28403747282300.49,7365984865202.86,35769732147503.35,1,2025,1,2024,4,10,18
2024-10-21,28403842285305.15,7368907929581.47,35772750214886.62,1,2025,1,2024,4,10,21
2024-10-22,28423306636632.38,7379515537204.58,35802822173836.96,1,2025,1,2024,4,10,22
2024-10-23,28422500201162.2,7354871334181.43,35777371535343.63,1,2025,1,2024,4,10,23
2024-10-24,28452334402813.93,7356823348305.87,35809157751119.8,1,2025,1,2024,4,10,24
2024-10-25,28451878560753.69,7363513999069.84,35815392559823.53,1,2025,1,2024,4,10,25
2024-10-28,28449760812902.59,7367645595003.86,35817406407906.45,1,2025,1,2024,4,10,28
2024-10-29,28469426993796.14,7379094516640.88,35848521510437.02,1,2025,1,2024,4,10,29
2024-10-30,28470182494958.74,7376830095108.43,35847012590067.17,1,2025,1,2024,4,10,30
2024-10-31,28572149038424.26,7379452135511.76,35951601173936.02,1,2025,1,2024,4,10,31
2024-11-01,28567525956804.76,7299077266736.72,35866603223541.48,1,2025,1,2024,4,11,01
2024-11-04,28566347626909.66,7318053388944.7,35884401015854.36,1,2025,1,2024,4,11,04
2024-11-05,28582003195921.21,7329104402276.97,35911107598198.18,1,2025,1,2024,4,11,05
2024-11-06,28582117963923.5,7329940577295.35,35912058541218.85,1,2025,1,2024,4,11,06
2024-11-07,28607118813413.31,7336435406884.33,35943554220297.64,1,2025,1,2024,4,11,07
2024-11-08,28606361080480.36,7339035281994.84,35945396362475.2,1,2025,1,2024,4,11,08
2024-11-12,28620032996715.49,7343732587583.75,35963765584299.24,1,2025,1,2024,4,11,12
2024-11-13,28617935465098.64,7332326962681.05,35950262427779.69,1,2025,1,2024,4,11,13
2024-11-14,28632426082432.23,7333106942171.82,35965533024604.05,1,2025,1,2024,4,11,14
2024-11-15,28621283646779.39,7337893341160.72,35959176987940.11,1,2025,1,2024,4,11,15
2024-11-18,28620973630175.8,7343002712548.11,35963976342723.91,1,2025,1,2024,4,11,18
2024-11-19,28634183281951.62,7358107761767.23,35992291043718.85,1,2025,1,2024,4,11,19
2024-11-20,28634759575097.22,7339146403017.48,35973905978114.7,1,2025,1,2024,4,11,20
2024-11-21,28688857681958.64,7346136905023.33,36034994586981.97,1,2025,1,2024,4,11,21
2024-11-22,28689193665601.5,7358329472334.85,36047523137936.35,1,2025,1,2024,4,11,22
2024-11-25,28689638049359.94,7363012845434.82,36052650894794.76,1,2025,1,2024,4,11,25
2024-11-26,28736542181892.5,7377028353910.03,36113570535802.53,1,2025,1,2024,4,11,26
2024-11-27,28735907867644.94,7354689358159.49,36090597225804.43,1,2025,1,2024,4,11,27
2024-11-29,28791207744535.64,7296155216076.36,36087362960612.0,1,2025,1,2024,4,11,29
2024-12-02,28878760944937.34,7292421010347.02,36171181955284.36,1,2025,1,2024,4,12,02
2024-12-03,28883514581503.88,7285899282363.0,36169413863866.88,1,2025,1,2024,4,12,03
2024-12-04,28882393374551.42,7288118172887.43,36170511547438.85,1,2025,1,2024,4,12,04
2024-12-05,28877400152221.15,7289964785887.29,36167364938108.44,1,2025,1,2024,4,12,05
2024-12-06,28874999106506.03,7291038463951.3,36166037570457.33,1,2025,1,2024,4,12,06
2024-12-09,28874168830835.46,7298026448227.48,36172195279062.94,1,2025,1,2024,4,12,09
2024-12-10,28858224127746.27,7305218268480.34,36163442396226.61,1,2025,1,2024,4,12,10
2024-12-11,28849932499916.86,7282588015359.67,36132520515276.53,1,2025,1,2024,4,12,11
2024-12-12,28846561718955.86,7286902179676.16,36133463898632.02,1,2025,1,2024,4,12,12
2024-12-13,28846613864721.94,7287461769216.75,36134075633938.69,1,2025,1,2024,4,12,13
2024-12-16,28901403659573.18,7291492045410.47,36192895704983.65,1,2025,1,2024,4,12,16
2024-12-17,28876690689081.36,7312655137059.26,36189345826140.62,1,2025,1,2024,4,12,17
2024-12-18,28875451168038.78,7292152981916.83,36167604149955.61,1,2025,1,2024,4,12,18
2024-12-19,28870054568670.25,7297069898822.65,36167124467492.9,1,2025,1,2024,4,12,19
2024-12-20,28864783375019.35,7296837640426.22,36161621015445.57,1,2025,1,2024,4,12,20
2024-12-23,28865105876886.59,7325170681580.03,36190276558466.62,1,2025,1,2024,4,12,23
2024-12-24,28839543803673.77,7307275380693.33,36146819184367.1,1,2025,1,2024,4,12,24
2024-12-26,28794989291882.5,7317818417425.11,36112807709307.61,1,2025,1,2024,4,12,26
2024-12-27,28822584881480.95,7321598494166.48,36144183375647.43,1,2025,1,2024,4,12,27
2024-12-30,28821350185471.75,7328807044988.29,36150157230460.04,1,2025,1,2024,4,12,30
2024-12-31,28836996111881.81,7381609199808.1,36218605311689.91,1,2025,1,2024,4,12,31
2025-01-02,28831964741779.76,7337992876980.45,36169957618760.21,1,2025,2,2025,1,01,02
2025-01-03,28831651555267.15,7332495171778.67,36164146727045.82,1,2025,2,2025,1,01,03
2025-01-06,28832259211211.08,7339533493948.9,36171792705159.98,1,2025,2,2025,1,01,06
2025-01-07,28826479434779.86,7352196584435.73,36178676019215.59,1,2025,2,2025,1,01,07
2025-01-08,28824060020226.11,7329685322040.19,36153745342266.3,1,2025,2,2025,1,01,08
2025-01-09,28832160356396.23,7334233257283.5,36166393613679.73,1,2025,2,2025,1,01,09
2025-01-10,28832716210040.45,7336803790005.04,36169520000045.49,1,2025,2,2025,1,01,10
2025-01-13,28832556245721.97,7340898861989.14,36173455107711.11,1,2025,2,2025,1,01,13
2025-01-14,28850228995216.85,7350677542937.39,36200906538154.24,1,2025,2,2025,1,01,14
2025-01-15,28832351544946.26,7341818590517.75,36174170135464.01,1,2025,2,2025,1,01,15
2025-01-16,28846012162618.21,7351498835789.37,36197510998407.58,1,2025,2,2025,1,01,16
2025-01-17,28845583131561.83,7361010184013.32,36206593315575.15,1,2025,2,2025,1,01,17
2025-01-21,28863463959281.89,7354794444044.46,36218258403326.35,1,2025,2,2025,1,01,21
2025-01-22,28863025857989.46,7354465474237.07,36217491332226.53,1,2025,2,2025,1,01,22
2025-01-23,28880821900250.34,7341180823593.9,36222002723844.24,1,2025,2,2025,1,01,23
2025-01-24,28881218302457.27,7340010231344.99,36221228533802.26,1,2025,2,2025,1,01,24
2025-01-27,28862375452519.97,7356530845791.36,36218906298311.33,1,2025,2,2025,1,01,27
2025-01-28,28851969423506.15,7367967855319.07,36219937278825.22,1,2025,2,2025,1,01,28
2025-01-29,28852559462378.04,7366602126915.04,36219161589293.08,1,2025,2,2025,1,01,29
2025-01-30,28850151178663.95,7371291903947.9,36221443082611.85,1,2025,2,2025,1,01,30
2025-01-31,28911508658693.08,7308698079354.88,36220206738047.96,1,2025,2,2025,1,01,31
2025-02-03,28923985500400.02,7293892752118.87,36217878252518.89,1,2025,2,2025,1,02,03
2025-02-04,28897398320943.43,7321503139885.53,36218901460828.96,1,2025,2,2025,1,02,04
2025-02-05,28895705607248.8,7322417988645.61,36218123595894.41,1,2025,2,2025,1,02,05
2025-02-06,28892938412549.8,7327422633245.01,36220361045794.81,1,2025,2,2025,1,02,06
2025-02-07,28891246579142.97,7328335379387.61,36219581958530.58,1,2025,2,2025,1,02,07
2025-02-10,28882844331495.71,7334400412358.69,36217244743854.4,1,2025,2,2025,1,02,10
2025-02-11,28873690527396.65,7344577753959.85,36218268281356.5,1,2025,2,2025,1,02,11
2025-02-12,28896394701632.1,7321093154139.98,36217487855772.08,1,2025,2,2025,1,02,12
2025-02-13,28896004938072.67,7323759149504.89,36219764087577.56,1,2025,2,2025,1,02,13
2025-02-14,28895337232003.27,7323646458424.72,36218983690427.99,1,2025,2,2025,1,02,14
2025-02-18,28876078679117.8,7343514021988.87,36219592701106.67,1,2025,2,2025,1,02,18
2025-02-19,28878510874731.94,7340301225405.37,36218812100137.31,1,2025,2,2025,1,02,19
2025-02-20,28869749063206.15,7353240387067.82,36222989450273.97,1,2025,2,2025,1,02,20
2025-02-21,28862508705242.94,7359702901676.52,36222211606919.46,1,2025,2,2025,1,02,21
2025-02-24,28846869977339.96,7373008557021.63,36219878534361.59,1,2025,2,2025,1,02,24
2025-02-25,28837112928950.54,7383636720904.88,36220749649855.42,1,2025,2,2025,1,02,25
2025-02-26,28855309766407.65,7364670889368.14,36219980655775.79,1,2025,2,2025,1,02,26
2025-02-27,28855106718012.13,7366843117994.8,36221949836006.93,1,2025,2,2025,1,02,27
2025-02-28,28914410587820.34,7304512781549.76,36218923369370.1,1,2025,2,2025,1,02,28
2025-03-03,28930823432033.66,7285803754245.12,36216627186278.78,1,2025,2,2025,1,03,03
2025-03-04,28906019720336.11,7311438006096.7,36217457726432.81,1,2025,2,2025,1,03,04
2025-03-05,28904524826408.57,7312170732441.29,36216695558849.86,1,2025,2,2025,1,03,05
2025-03-06,28910964000416.83,7307623005751.68,36218587006168.51,1,2025,2,2025,1,03,06
2025-03-07,28909913656084.0,7307910527929.37,36217824184013.37,1,2025,2,2025,1,03,07
2025-03-10,28903192097197.0,7312343609752.98,36215535706949.98,1,2025,2,2025,1,03,10
2025-03-11,28890925430619.29,7325421064819.46,36216346495438.75,1,2025,2,2025,1,03,11
2025-03-12,28912908316119.9,7302680425507.41,36215588741627.31,1,2025,2,2025,1,03,12
2025-03-13,28910212445754.95,7307197895481.62,36217410341236.57,1,2025,2,2025,1,03,13
2025-03-14,28937109052409.72,7279547308963.16,36216656361372.88,1,2025,2,2025,1,03,14
2025-03-17,28928035225282.57,7286359145227.48,36214394370510.05,1,2025,2,2025,1,03,17
2025-03-18,28908695063079.12,7306517606255.26,36215212669334.38,1,2025,2,2025,1,03,18
2025-03-19,28931615276590.47,7282852542757.69,36214467819348.16,1,2025,2,2025,1,03,19
2025-03-20,28931004380785.4,7287217664400.94,36218222045186.34,1,2025,2,2025,1,03,20
2025-03-21,28927403024844.31,7290078282240.53,36217481307084.84,1,2025,2,2025,1,03,21
2025-03-24,28924757833909.66,7290501073128.13,36215258907037.79,1,2025,2,2025,1,03,24
2025-03-25,28900194597054.75,7315898690539.0,36216093287593.75,1,2025,2,2025,1,03,25
2025-03-26,28922608710230.04,7292747823941.33,36215356534171.37,1,2025,2,2025,1,03,26
2025-03-27,28921459406910.63,7295744922929.56,36217204329840.19,1,2025,2,2025,1,03,27
2025-03-28,28918637682348.73,7297832989689.14,36216470672037.87,1,2025,2,2025,1,03,28
2025-03-31,28909508850275.58,7304801569898.55,36214310420174.13,1,2025,2,2025,1,03,31
2025-04-01,28945058837872.08,7270097835241.72,36215156673113.8,1,2025,3,2025,2,04,01
2025-04-02,28941616891545.06,7272809319818.7,36214426211363.76,1,2025,3,2025,2,04,02
2025-04-03,28960433646738.55,7256061381049.41,36216495027787.96,1,2025,3,2025,2,04,03
2025-04-04,28956155080112.68,7259606538778.43,36215761618891.11,1,2025,3,2025,2,04,04
2025-04-07,28947771026214.14,7265790465766.99,36213561491981.13,1,2025,3,2025,2,04,07
2025-04-08,28936031572664.84,7278477178525.17,36214508751190.01,1,2025,3,2025,2,04,08
2025-04-09,28958991840990.14,7254779381299.45,36213771222289.59,1,2025,3,2025,2,04,09
2025-04-10,28952824025915.61,7262877291916.33,36215701317831.94,1,2025,3,2025,2,04,10
2025-04-11,28952083890117.2,7262882499164.91,36214966389282.11,1,2025,3,2025,2,04,11
2025-04-14,28942462559586.95,7270299073998.82,36212761633585.77,1,2025,3,2025,2,04,14
2025-04-15,28904113909824.41,7310211361410.85,36214325271235.26,1,2025,3,2025,2,04,15
2025-04-16,28917184309983.82,7296406402244.83,36213590712228.65,1,2025,3,2025,2,04,16
2025-04-17,28913508876197.06,7303971159026.21,36217480035223.27,1,2025,3,2025,2,04,17
2025-04-18,28904329571387.04,7312424849275.23,36216754420662.27,1,2025,3,2025,2,04,18
2025-04-21,28897595263583.41,7316982346759.55,36214577610342.96,1,2025,3,2025,2,04,21
2025-04-22,28885292677312.48,7330176983450.72,36215469660763.2,1,2025,3,2025,2,04,22
2025-04-23,28901934804636.8,7312815062684.62,36214749867321.42,1,2025,3,2025,2,04,23
2025-04-24,28886899281587.33,7329792439929.2,36216691721516.53,1,2025,3,2025,2,04,24
2025-04-25,28886705983824.0,7329267841927.09,36215973825751.09,1,2025,3,2025,2,04,25
2025-04-28,28880205893953.1,7333614270247.08,36213820164200.18,1,2025,3,2025,2,04,28
2025-04-29,28870044615160.41,7344669902800.32,36214714517960.73,1,2025,3,2025,2,04,29
2025-04-30,28852660949319.21,7360896246491.44,36213557195810.65,1,2025,3,2025,2,04,30
2025-05-01,28910031708449.29,7305545090837.58,36215576799286.87,1,2025,3,2025,2,05,01
2025-05-02,28913077198269.89,7301782985239.82,36214860183509.71,1,2025,3,2025,2,05,02
2025-05-05,28900702282928.55,7312008106218.9,36212710389147.45,1,2025,3,2025,2,05,05
2025-05-06,28888855819827.73,7324747054422.48,36213602874250.21,1,2025,3,2025,2,05,06
2025-05-07,28885833651968.1,7327052459190.16,36212886111158.26,1,2025,3,2025,2,05,07
2025-05-08,28879495109710.33,7335400990668.67,36214896100379.0,1,2025,3,2025,2,05,08
2025-05-09,28879730647251.1,7334450473321.47,36214181120572.57,1,2025,3,2025,2,05,09
2025-05-12,28873314691669.41,7338721472920.86,36212036164590.27,1,2025,3,2025,2,05,12
2025-05-13,28858866133930.92,7354112774119.09,36212978908050.01,1,2025,3,2025,2,05,13
2025-05-14,28883690101680.6,7328571320062.29,36212261421742.89,1,2025,3,2025,2,05,14
2025-05-15,28880432375776.61,7335997036243.2,36216429412019.81,1,2025,3,2025,2,05,15
2025-05-16,28877878941841.26,7337835686711.83,36215714628553.09,1,2025,3,2025,2,05,16
2025-05-19,28867568836311.34,7346001927409.64,36213570763720.98,1,2025,3,2025,2,05,19
2025-05-20,28855901031670.0,7358574400540.84,36214475432210.84,1,2025,3,2025,2,05,20
2025-05-21,28877912012097.42,7335849209013.4,36213761221110.82,1,2025,3,2025,2,05,21
2025-05-22,28875495146667.02,7340306339171.52,36215801485838.54,1,2025,3,2025,2,05,22
2025-05-23,28863100025246.62,7351988377099.25,36215088402345.87,1,2025,3,2025,2,05,23
2025-05-27,28856796025402.94,7357057726549.11,36213853751952.05,1,2025,3,2025,2,05,27
2025-05-28,28867570378120.42,7345570748145.64,36213141126266.06,1,2025,3,2025,2,05,28
2025-05-29,28871680706822.26,7343495610476.16,36215176317298.42,1,2025,3,2025,2,05,29
2025-05-30,28952461153000.13,7263357246936.72,36215818399936.85,1,2025,3,2025,2,05,30
2025-06-02,28956814642277.72,7257586022576.81,36214400664854.53,1,2025,3,2025,2,06,02
2025-06-03,28964890579889.1,7250316846801.55,36215207426690.65,1,2025,3,2025,2,06,03
2025-06-04,28953597578775.68,7260903821437.96,36214501400213.64,1,2025,3,2025,2,06,04
2025-06-05,28949058827202.6,7267330587277.61,36216389414480.21,1,2025,3,2025,2,06,05
2025-06-06,28947314928888.42,7268370334778.94,36215685263667.36,1,2025,3,2025,2,06,06
2025-06-09,28937734806745.08,7275837978669.95,36213572785415.03,1,2025,3,2025,2,06,09
2025-06-10,28925282868405.29,7288997721700.45,36214280590105.74,1,2025,3,2025,2,06,10
2025-06-11,28947461766728.03,7266119957069.04,36213581723797.07,1,2025,3,2025,2,06,11
2025-06-12,28944696357421.28,7272755735482.53,36217452092903.81,1,2025,3,2025,2,06,12
2025-06-13,28943677590027.96,7273078926433.72,36216756516461.68,1,2025,3,2025,2,06,13
2025-06-16,28907522231455.1,7307147612603.45,36214669844058.55,1,2025,3,2025,2,06,16
2025-06-17,28884822109662.55,7330575632185.21,36215397741847.76,1,2025,3,2025,2,06,17
2025-06-18,28905136181836.44,7309570954397.39,36214707136233.83,1,2025,3,2025,2,06,18
2025-06-20,28900785723043.42,7315087705792.44,36215873428835.86,1,2025,3,2025,2,06,20
2025-06-23,28890044591558.48,7323763835441.08,36213808426999.56,1,2025,3,2025,2,06,23
2025-06-24,28860859190127.59,7353694147625.66,36214553337753.25,1,2025,3,2025,2,06,24
2025-06-25,28888758862953.29,7325110705163.71,36213869568117.0,1,2025,3,2025,2,06,25
2025-06-26,28887012425608.74,7328793639131.62,36215806064740.36,1,2025,3,2025,2,06,26
