record_date,open_today_bal,close_today_bal
2023-06-29,408561,
2023-06-29,191011,
2023-06-29,134451,
2023-06-29,465122,
2023-06-30,465122,
2023-06-30,192944,
2023-06-30,255671,
2023-06-30,402394,
2023-07-03,402394,
2023-07-03,46919,
2023-07-03,54856,
2023-07-03,394457,
2023-07-05,394457,
2023-07-05,189531,
2023-07-05,137124,
2023-07-05,446864,
2023-07-06,446864,
2023-07-06,200190,
2023-07-06,133644,
2023-07-06,513410,
2023-07-07,513410,
2023-07-07,12167,
2023-07-07,20587,
2023-07-07,504990,
2023-07-10,504990,
2023-07-10,26137,
2023-07-10,19351,
2023-07-10,511777,
2023-07-11,511777,
2023-07-11,186782,
2023-07-11,155775,
2023-07-11,542784,
2023-07-12,542784,
2023-07-12,15782,
2023-07-12,41148,
2023-07-12,517418,
2023-07-13,517418,
2023-07-13,229099,
2023-07-13,223818,
2023-07-13,522700,
2023-07-14,522700,
2023-07-14,17310,
2023-07-14,18388,
2023-07-14,521622,
2023-07-17,521622,
2023-07-17,133613,
2023-07-17,123818,
2023-07-17,531417,
2023-07-18,531417,
2023-07-18,185523,
2023-07-18,155421,
2023-07-18,561519,
2023-07-19,561519,
2023-07-19,16350,
2023-07-19,40428,
2023-07-19,537441,
2023-07-20,537441,
2023-07-20,189941,
2023-07-20,189514,
2023-07-20,537869,
2023-07-21,537869,
2023-07-21,12546,
2023-07-21,17580,
2023-07-21,532834,
2023-07-24,532834,
2023-07-24,27763,
2023-07-24,15583,
2023-07-24,545014,
2023-07-25,545014,
2023-07-25,190442,
2023-07-25,161558,
2023-07-25,573898,
2023-07-26,573898,
2023-07-26,16309,
2023-07-26,40310,
2023-07-26,549897,
2023-07-27,549897,
2023-07-27,189491,
2023-07-27,187757,
2023-07-27,551631,
2023-07-28,551631,
2023-07-28,13512,
2023-07-28,15238,
2023-07-28,549904,
2023-07-31,549904,
2023-07-31,204885,
2023-07-31,252961,
2023-07-31,501828,
2023-08-01,501828,
2023-08-01,206208,
2023-08-01,249923,
2023-08-01,458113,
2023-08-02,458113,
2023-08-02,18633,
2023-08-02,15821,
2023-08-02,460926,
2023-08-03,460926,
2023-08-03,194530,
2023-08-03,210336,
2023-08-03,445120,
2023-08-04,445120,
2023-08-04,14498,
2023-08-04,18137,
2023-08-04,441481,
2023-08-07,441481,
2023-08-07,26597,
2023-08-07,16743,
2023-08-07,451335,
2023-08-08,451335,
2023-08-08,187017,
2023-08-08,179354,
2023-08-08,458998,
2023-08-09,458998,
2023-08-09,14522,
2023-08-09,41258,
2023-08-09,432262,
2023-08-10,432262,
2023-08-10,242048,
2023-08-10,224212,
2023-08-10,450098,
2023-08-11,450098,
2023-08-11,13758,
2023-08-11,12493,
2023-08-11,451362,
2023-08-14,451362,
2023-08-14,26408,
2023-08-14,14643,
2023-08-14,463127,
2023-08-15,463127,
2023-08-15,345371,
2023-08-15,410061,
2023-08-15,398438,
2023-08-16,398438,
2023-08-16,27228,
2023-08-16,40852,
2023-08-16,384814,
2023-08-17,384814,
2023-08-17,211427,
2023-08-17,187404,
2023-08-17,408836,
2023-08-18,408836,
2023-08-18,14386,
2023-08-18,18254,
2023-08-18,404968,
2023-08-21,404968,
2023-08-21,27676,
2023-08-21,17046,
2023-08-21,415598,
2023-08-22,415598,
2023-08-22,215253,
2023-08-22,189713,
2023-08-22,441138,
2023-08-23,441138,
2023-08-23,15230,
2023-08-23,40336,
2023-08-23,416031,
2023-08-24,416031,
2023-08-24,206522,
2023-08-24,183640,
2023-08-24,438914,
2023-08-25,438914,
2023-08-25,36269,
2023-08-25,13925,
2023-08-25,461257,
2023-08-28,461257,
2023-08-28,26789,
2023-08-28,15843,
2023-08-28,472203,
2023-08-29,472203,
2023-08-29,214409,
2023-08-29,186602,
2023-08-29,500010,
2023-08-30,500010,
2023-08-30,16731,
2023-08-30,16039,
2023-08-30,500702,
2023-08-31,500702,
2023-08-31,377954,
2023-08-31,336813,
2023-08-31,541843,
2023-09-01,541843,
2023-09-01,34087,
2023-09-01,129812,
2023-09-01,446118,
2023-09-05,446118,
2023-09-05,234106,
2023-09-05,191920,
2023-09-05,488303,
2023-09-06,488303,
2023-09-06,11967,
2023-09-06,18719,
2023-09-06,481552,
2023-09-07,481552,
2023-09-07,253752,
2023-09-07,226200,
2023-09-07,509104,
2023-09-08,509104,
2023-09-08,14508,
2023-09-08,14298,
2023-09-08,509313,
2023-09-11,509313,
2023-09-11,31306,
2023-09-11,15308,
2023-09-11,525312,
2023-09-12,525312,
2023-09-12,220018,
2023-09-12,194498,
2023-09-12,550831,
2023-09-13,550831,
2023-09-13,33541,
2023-09-13,47009,
2023-09-13,537364,
2023-09-14,537364,
2023-09-14,234044,
2023-09-14,188565,
2023-09-14,582843,
2023-09-15,582843,
2023-09-15,178711,
2023-09-15,128699,
2023-09-15,632855,
2023-09-18,632855,
2023-09-18,48186,
2023-09-18,17029,
2023-09-18,664013,
2023-09-19,664013,
2023-09-19,213643,
2023-09-19,202721,
2023-09-19,674935,
2023-09-20,674935,
2023-09-20,29554,
2023-09-20,42772,
2023-09-20,661717,
2023-09-21,661717,
2023-09-21,213146,
2023-09-21,192360,
2023-09-21,682503,
2023-09-22,682503,
2023-09-22,18215,
2023-09-22,26560,
2023-09-22,674158,
2023-09-25,674158,
2023-09-25,32732,
2023-09-25,16891,
2023-09-25,689999,
2023-09-26,689999,
2023-09-26,216065,
2023-09-26,205183,
2023-09-26,700881,
2023-09-27,700881,
2023-09-27,17461,
2023-09-27,46200,
2023-09-27,672142,
2023-09-28,672142,
2023-09-28,204916,
2023-09-28,203885,
2023-09-28,673174,
2023-09-29,673174,
2023-09-29,76574,
2023-09-29,92859,
2023-09-29,656889,
2023-10-02,656889,
2023-10-02,199672,
2023-10-02,178626,
2023-10-02,677935,
2023-10-03,677935,
2023-10-03,225432,
2023-10-03,228043,
2023-10-03,675324,
2023-10-04,675324,
2023-10-04,19915,
2023-10-04,16281,
2023-10-04,678959,
2023-10-05,678959,
2023-10-05,263620,
2023-10-05,242397,
2023-10-05,700182,
2023-10-06,700182,
2023-10-06,16050,
2023-10-06,14497,
2023-10-06,701735,
2023-10-10,701735,
2023-10-10,255806,
2023-10-10,213546,
2023-10-10,743996,
2023-10-11,743996,
2023-10-11,16677,
2023-10-11,47673,
2023-10-11,713000,
2023-10-12,713000,
2023-10-12,239937,
2023-10-12,255924,
2023-10-12,697013,
2023-10-13,697013,
2023-10-13,30421,
2023-10-13,24916,
2023-10-13,702519,
2023-10-16,702519,
2023-10-16,188042,
2023-10-16,74581,
2023-10-16,815980,
2023-10-17,815980,
2023-10-17,256208,
2023-10-17,214692,
2023-10-17,857495,
2023-10-18,857495,
2023-10-18,22481,
2023-10-18,38874,
2023-10-18,841103,
2023-10-19,841103,
2023-10-19,236119,
2023-10-19,248670,
2023-10-19,828553,
2023-10-20,828553,
2023-10-20,14343,
2023-10-20,23055,
2023-10-20,819841,
2023-10-23,819841,
2023-10-23,29155,
2023-10-23,14237,
2023-10-23,834758,
2023-10-24,834758,
2023-10-24,252656,
2023-10-24,217036,
2023-10-24,870378,
2023-10-25,870378,
2023-10-25,20023,
2023-10-25,42684,
2023-10-25,847717,
2023-10-26,847717,
2023-10-26,234988,
2023-10-26,247625,
2023-10-26,835081,
2023-10-27,835081,
2023-10-27,15280,
2023-10-27,22048,
2023-10-27,828313,
2023-10-30,828313,
2023-10-30,28120,
2023-10-30,18464,
2023-10-30,837969,
2023-10-31,837969,
2023-10-31,454211,
2023-10-31,459768,
2023-10-31,832412,
2023-11-01,832412,
2023-11-01,36466,
2023-11-01,115871,
2023-11-01,753008,
2023-11-02,753008,
2023-11-02,290379,
2023-11-02,255259,
2023-11-02,788127,
2023-11-03,788127,
2023-11-03,14449,
2023-11-03,39199,
2023-11-03,763377,
2023-11-06,763377,
2023-11-06,24573,
2023-11-06,13780,
2023-11-06,774170,
2023-11-07,774170,
2023-11-07,246586,
2023-11-07,227841,
2023-11-07,792916,
2023-11-08,792916,
2023-11-08,16181,
2023-11-08,45638,
2023-11-08,763459,
2023-11-09,763459,
2023-11-09,236604,
2023-11-09,257201,
2023-11-09,742861,
2023-11-10,742861,
2023-11-10,10369,
2023-11-10,10396,
2023-11-10,742834,
2023-11-13,742834,
2023-11-13,29976,
2023-11-13,15951,
2023-11-13,756859,
2023-11-14,756859,
2023-11-14,250280,
2023-11-14,235404,
2023-11-14,771735,
2023-11-15,771735,
2023-11-15,137685,
2023-11-15,239444,
2023-11-15,669976,
2023-11-16,669976,
2023-11-16,251278,
2023-11-16,221994,
2023-11-16,699261,
2023-11-17,699261,
2023-11-17,16317,
2023-11-17,12952,
2023-11-17,702626,
2023-11-20,702626,
2023-11-20,26042,
2023-11-20,14898,
2023-11-20,713770,
2023-11-21,713770,
2023-11-21,248491,
2023-11-21,234061,
2023-11-21,728200,
2023-11-22,728200,
2023-11-22,20346,
2023-11-22,55539,
2023-11-22,693007,
2023-11-24,693007,
2023-11-24,274448,
2023-11-24,226231,
2023-11-24,741224,
2023-11-27,741224,
2023-11-27,25939,
2023-11-27,13677,
2023-11-27,753486,
2023-11-28,753486,
2023-11-28,233119,
2023-11-28,235881,
2023-11-28,750724,
2023-11-29,750724,
2023-11-29,18419,
2023-11-29,15574,
2023-11-29,753570,
2023-11-30,753570,
2023-11-30,459410,
2023-11-30,454128,
2023-11-30,758851,
2023-12-01,758851,
2023-12-01,33064,
2023-12-01,123717,
2023-12-01,668199,
2023-12-04,668199,
2023-12-04,28785,
2023-12-04,15291,
2023-12-04,681693,
2023-12-05,681693,
2023-12-05,227123,
2023-12-05,244074,
2023-12-05,664742,
2023-12-06,664742,
2023-12-06,18415,
2023-12-06,15478,
2023-12-06,667678,
2023-12-07,667678,
2023-12-07,222297,
2023-12-07,221778,
2023-12-07,668198,
2023-12-08,668198,
2023-12-08,14850,
2023-12-08,19726,
2023-12-08,663322,
2023-12-11,663322,
2023-12-11,30148,
2023-12-11,20736,
2023-12-11,672734,
2023-12-12,672734,
2023-12-12,229050,
2023-12-12,254224,
2023-12-12,647560,
2023-12-13,647560,
2023-12-13,26310,
2023-12-13,43252,
2023-12-13,630618,
2023-12-14,630618,
2023-12-14,246969,
2023-12-14,229538,
2023-12-14,648048,
2023-12-15,648048,
2023-12-15,179534,
2023-12-15,87474,
2023-12-15,740109,
2023-12-18,740109,
2023-12-18,48479,
2023-12-18,15398,
2023-12-18,773190,
2023-12-19,773190,
2023-12-19,228920,
2023-12-19,251020,
2023-12-19,751089,
2023-12-20,751089,
2023-12-20,23819,
2023-12-20,42187,
2023-12-20,732721,
2023-12-21,732721,
2023-12-21,229634,
2023-12-21,228196,
2023-12-21,734159,
2023-12-22,734159,
2023-12-22,23777,
2023-12-22,25624,
2023-12-22,732312,
2023-12-26,732312,
2023-12-26,255082,
2023-12-26,244029,
2023-12-26,743365,
2023-12-27,743365,
2023-12-27,13156,
2023-12-27,43456,
2023-12-27,713064,
2023-12-28,713064,
2023-12-28,281556,
2023-12-28,269648,
2023-12-28,724973,
2023-12-29,724973,
2023-12-29,85588,
2023-12-29,41970,
2023-12-29,768590,
2024-01-02,768590,
2024-01-02,449299,
2024-01-02,451549,
2024-01-02,766340,
2024-01-03,766340,
2024-01-03,16419,
2024-01-03,39295,
2024-01-03,743464,
2024-01-04,743464,
2024-01-04,242791,
2024-01-04,233076,
2024-01-04,753179,
2024-01-05,753179,
2024-01-05,14713,
2024-01-05,19909,
2024-01-05,747982,
2024-01-08,747982,
2024-01-08,30561,
2024-01-08,19977,
2024-01-08,758566,
2024-01-09,758566,
2024-01-09,228702,
2024-01-09,237861,
2024-01-09,749407,
2024-01-10,749407,
2024-01-10,20645,
2024-01-10,42195,
2024-01-10,727856,
2024-01-11,727856,
2024-01-11,275223,
2024-01-11,272773,
2024-01-11,730305,
2024-01-12,730305,
2024-01-12,29805,
2024-01-12,24354,
2024-01-12,735757,
2024-01-16,735757,
2024-01-16,419967,
2024-01-16,360419,
2024-01-16,795304,
2024-01-17,795304,
2024-01-17,20978,
2024-01-17,42738,
2024-01-17,773544,
2024-01-18,773544,
2024-01-18,247257,
2024-01-18,231109,
2024-01-18,789692,
2024-01-19,789692,
2024-01-19,19693,
2024-01-19,19366,
2024-01-19,790018,
2024-01-22,790018,
2024-01-22,36608,
2024-01-22,24081,
2024-01-22,802545,
2024-01-23,802545,
2024-01-23,246063,
2024-01-23,230549,
2024-01-23,818059,
2024-01-24,818059,
2024-01-24,37020,
2024-01-24,39919,
2024-01-24,815159,
2024-01-25,815159,
2024-01-25,286228,
2024-01-25,271327,
2024-01-25,830060,
2024-01-26,830060,
2024-01-26,16042,
2024-01-26,16695,
2024-01-26,829406,
2024-01-29,829406,
2024-01-29,32002,
2024-01-29,17597,
2024-01-29,843812,
2024-01-30,843812,
2024-01-30,251686,
2024-01-30,232220,
2024-01-30,863278,
2024-01-31,863278,
2024-01-31,245337,
2024-01-31,243133,
2024-01-31,865481,
2024-02-01,865481,
2024-02-01,275490,
2024-02-01,327315,
2024-02-01,813657,
2024-02-02,813657,
2024-02-02,16721,
2024-02-02,44198,
2024-02-02,786179,
2024-02-05,786179,
2024-02-05,31533,
2024-02-05,17414,
2024-02-05,800298,
2024-02-06,800298,
2024-02-06,257196,
2024-02-06,236613,
2024-02-06,820881,
2024-02-07,820881,
2024-02-07,17842,
2024-02-07,17147,
2024-02-07,821575,
2024-02-08,821575,
2024-02-08,247101,
2024-02-08,235701,
2024-02-08,832976,
2024-02-09,832976,
2024-02-09,12623,
2024-02-09,13659,
2024-02-09,831940,
2024-02-12,831940,
2024-02-12,29392,
2024-02-12,16327,
2024-02-12,845004,
2024-02-13,845004,
2024-02-13,255611,
2024-02-13,240259,
2024-02-13,860356,
2024-02-14,860356,
2024-02-14,18098,
2024-02-14,46574,
2024-02-14,831880,
2024-02-15,831880,
2024-02-15,388098,
2024-02-15,451094,
2024-02-15,768884,
2024-02-16,768884,
2024-02-16,31132,
2024-02-16,20271,
2024-02-16,779746,
2024-02-20,779746,
2024-02-20,287661,
2024-02-20,245778,
2024-02-20,821629,
2024-02-21,821629,
2024-02-21,13118,
2024-02-21,45988,
2024-02-21,788759,
2024-02-22,788759,
2024-02-22,302642,
2024-02-22,331846,
2024-02-22,759556,
2024-02-23,759556,
2024-02-23,48233,
2024-02-23,20306,
2024-02-23,787483,
2024-02-26,787483,
2024-02-26,32365,
2024-02-26,17429,
2024-02-26,802419,
2024-02-27,802419,
2024-02-27,257792,
2024-02-27,251555,
2024-02-27,808655,
2024-02-28,808655,
2024-02-28,16633,
2024-02-28,57616,
2024-02-28,767672,
2024-02-29,767672,
2024-02-29,456171,
2024-02-29,386743,
2024-02-29,837099,
2024-03-01,837099,
2024-03-01,42885,
2024-03-01,131844,
2024-03-01,748140,
2024-03-04,748140,
2024-03-04,37655,
2024-03-04,20383,
2024-03-04,765413,
2024-03-05,765413,
2024-03-05,258149,
2024-03-05,256912,
2024-03-05,766649,
2024-03-06,766649,
2024-03-06,20665,
2024-03-06,26765,
2024-03-06,760550,
2024-03-07,760550,
2024-03-07,237611,
2024-03-07,232187,
2024-03-07,765974,
2024-03-08,765974,
2024-03-08,16909,
2024-03-08,18197,
2024-03-08,764686,
2024-03-11,764686,
2024-03-11,38011,
2024-03-11,16279,
2024-03-11,786418,
2024-03-12,786418,
2024-03-12,256603,
2024-03-12,259275,
2024-03-12,783745,
2024-03-13,783745,
2024-03-13,17794,
2024-03-13,53152,
2024-03-13,748388,
2024-03-14,748388,
2024-03-14,242029,
2024-03-14,241205,
2024-03-14,749212,
2024-03-15,749212,
2024-03-15,148487,
2024-03-15,93505,
2024-03-15,804194,
2024-03-18,804194,
2024-03-18,60175,
2024-03-18,18369,
2024-03-18,846001,
2024-03-19,846001,
2024-03-19,258949,
2024-03-19,260268,
2024-03-19,844682,
2024-03-20,844682,
2024-03-20,18187,
2024-03-20,50264,
2024-03-20,812605,
2024-03-21,812605,
2024-03-21,274146,
2024-03-21,283841,
2024-03-21,802910,
2024-03-22,802910,
2024-03-22,19165,
2024-03-22,17033,
2024-03-22,805042,
2024-03-25,805042,
2024-03-25,32395,
2024-03-25,15752,
2024-03-25,821686,
2024-03-26,821686,
2024-03-26,242502,
2024-03-26,260539,
2024-03-26,803649,
2024-03-27,803649,
2024-03-27,21192,
2024-03-27,52581,
2024-03-27,772260,
2024-03-28,772260,
2024-03-28,238969,
2024-03-28,240574,
2024-03-28,770655,
2024-03-29,770655,
2024-03-29,27931,
2024-03-29,23318,
2024-03-29,775268,
2024-04-01,775268,
2024-04-01,267716,
2024-04-01,251765,
2024-04-01,791219,
2024-04-02,791219,
2024-04-02,234645,
2024-04-02,265815,
2024-04-02,760049,
2024-04-03,760049,
2024-04-03,21042,
2024-04-03,48262,
2024-04-03,732828,
2024-04-04,732828,
2024-04-04,223271,
2024-04-04,245897,
2024-04-04,710202,
2024-04-05,710202,
2024-04-05,16826,
2024-04-05,16639,
2024-04-05,710389,
2024-04-08,710389,
2024-04-08,35094,
2024-04-08,16415,
2024-04-08,729067,
2024-04-09,729067,
2024-04-09,224567,
2024-04-09,261811,
2024-04-09,691824,
2024-04-10,691824,
2024-04-10,31305,
2024-04-10,50591,
2024-04-10,672537,
2024-04-11,672537,
2024-04-11,242724,
2024-04-11,247543,
2024-04-11,667717,
2024-04-12,667717,
2024-04-12,78484,
2024-04-12,21175,
2024-04-12,725026,
2024-04-15,725026,
2024-04-15,307952,
2024-04-15,135962,
2024-04-15,897016,
2024-04-16,897016,
2024-04-16,272152,
2024-04-16,263165,
2024-04-16,906002,
2024-04-17,906002,
2024-04-17,73600,
2024-04-17,49671,
2024-04-17,929932,
2024-04-18,929932,
2024-04-18,289525,
2024-04-18,288915,
2024-04-18,930542,
2024-04-19,930542,
2024-04-19,26044,
2024-04-19,17122,
2024-04-19,939464,
2024-04-22,939464,
2024-04-22,42833,
2024-04-22,26311,
2024-04-22,955986,
2024-04-23,955986,
2024-04-23,251927,
2024-04-23,252199,
2024-04-23,955714,
2024-04-24,955714,
2024-04-24,27759,
2024-04-24,54094,
2024-04-24,929379,
2024-04-25,929379,
2024-04-25,233394,
2024-04-25,254809,
2024-04-25,907965,
2024-04-26,907965,
2024-04-26,23755,
2024-04-26,21782,
2024-04-26,909938,
2024-04-29,909938,
2024-04-29,39437,
2024-04-29,19781,
2024-04-29,929594,
2024-04-30,929594,
2024-04-30,496863,
2024-04-30,464028,
2024-04-30,962428,
2024-05-01,962428,
2024-05-01,44947,
2024-05-01,116933,
2024-05-01,890442,
2024-05-02,890442,
2024-05-02,236101,
2024-05-02,253950,
2024-05-02,872592,
2024-05-03,872592,
2024-05-03,21932,
2024-05-03,41414,
2024-05-03,853110,
2024-05-06,853110,
2024-05-06,28420,
2024-05-06,14667,
2024-05-06,866863,
2024-05-07,866863,
2024-05-07,218195,
2024-05-07,239518,
2024-05-07,845541,
2024-05-08,845541,
2024-05-08,17503,
2024-05-08,46235,
2024-05-08,816809,
2024-05-09,816809,
2024-05-09,232875,
2024-05-09,245438,
2024-05-09,804246,
2024-05-10,804246,
2024-05-10,13469,
2024-05-10,22553,
2024-05-10,795161,
2024-05-13,795161,
2024-05-13,29774,
2024-05-13,16505,
2024-05-13,808430,
2024-05-14,808430,
2024-05-14,234078,
2024-05-14,236847,
2024-05-14,805661,
2024-05-15,805661,
2024-05-15,167060,
2024-05-15,266613,
2024-05-15,706108,
2024-05-16,706108,
2024-05-16,296730,
2024-05-16,285963,
2024-05-16,716876,
2024-05-17,716876,
2024-05-17,18697,
2024-05-17,10995,
2024-05-17,724577,
2024-05-20,724577,
2024-05-20,26191,
2024-05-20,13041,
2024-05-20,737727,
2024-05-21,737727,
2024-05-21,232768,
2024-05-21,232083,
2024-05-21,738412,
2024-05-22,738412,
2024-05-22,25179,
2024-05-22,52709,
2024-05-22,710882,
2024-05-23,710882,
2024-05-23,234124,
2024-05-23,241380,
2024-05-23,703626,
2024-05-24,703626,
2024-05-24,13053,
2024-05-24,18726,
2024-05-24,697953,
2024-05-28,697953,
2024-05-28,254139,
2024-05-28,233205,
2024-05-28,718888,
2024-05-29,718888,
2024-05-29,13972,
2024-05-29,16839,
2024-05-29,716020,
2024-05-30,716020,
2024-05-30,229235,
2024-05-30,246195,
2024-05-30,699060,
2024-05-31,699060,
2024-05-31,274659,
2024-05-31,254793,
2024-05-31,718926,
2024-06-03,718926,
2024-06-03,47681,
2024-06-03,54248,
2024-06-03,712359,
2024-06-04,712359,
2024-06-04,213871,
2024-06-04,225578,
2024-06-04,700652,
2024-06-05,700652,
2024-06-05,19347,
2024-06-05,16685,
2024-06-05,703314,
2024-06-06,703314,
2024-06-06,210105,
2024-06-06,232673,
2024-06-06,680746,
2024-06-07,680746,
2024-06-07,14954,
2024-06-07,20192,
2024-06-07,675508,
2024-06-10,675508,
2024-06-10,32720,
2024-06-10,17919,
2024-06-10,690309,
2024-06-11,690309,
2024-06-11,216622,
2024-06-11,239713,
2024-06-11,667218,
2024-06-12,667218,
2024-06-12,26610,
2024-06-12,43616,
2024-06-12,650212,
2024-06-13,650212,
2024-06-13,269247,
2024-06-13,271433,
2024-06-13,648027,
2024-06-14,648027,
2024-06-14,52515,
2024-06-14,24237,
2024-06-14,676305,
2024-06-17,676305,
2024-06-17,231457,
2024-06-17,85149,
2024-06-17,822612,
2024-06-18,822612,
2024-06-18,222728,
2024-06-18,263182,
2024-06-18,782158,
2024-06-20,782158,
2024-06-20,231412,
2024-06-20,241821,
2024-06-20,771749,
2024-06-21,771749,
2024-06-21,25349,
2024-06-21,33672,
2024-06-21,763426,
2024-06-24,763426,
2024-06-24,39715,
2024-06-24,18708,
2024-06-24,784434,
2024-06-25,784434,
2024-06-25,222122,
2024-06-25,239307,
2024-06-25,767249,
2024-06-26,767249,
2024-06-26,22165,
2024-06-26,45208,
2024-06-26,744206,
2024-06-27,744206,
2024-06-27,212950,
2024-06-27,238538,
2024-06-27,718618,
2024-06-28,718618,
2024-06-28,75593,
2024-06-28,16413,
2024-06-28,777798,
2024-07-01,777798,
2024-07-01,251003,
2024-07-01,265362,
2024-07-01,763439,
2024-07-02,763439,
2024-07-02,231434,
2024-07-02,226320,
2024-07-02,768554,
2024-07-03,768554,
2024-07-03,19754,
2024-07-03,42701,
2024-07-03,745608,
2024-07-05,745608,
2024-07-05,229133,
2024-07-05,242582,
2024-07-05,732159,
2024-07-08,732159,
2024-07-08,29188,
2024-07-08,18179,
2024-07-08,743168,
2024-07-09,743168,
2024-07-09,236646,
2024-07-09,232576,
2024-07-09,747238,
2024-07-10,747238,
2024-07-10,16988,
2024-07-10,41898,
2024-07-10,722328,
2024-07-11,722328,
2024-07-11,280403,
2024-07-11,271315,
2024-07-11,731416,
2024-07-12,731416,
2024-07-12,16942,
2024-07-12,13893,
2024-07-12,734465,
2024-07-15,734465,
2024-07-15,181731,
2024-07-15,151658,
2024-07-15,764538,
2024-07-16,764538,
2024-07-16,259467,
2024-07-16,228981,
2024-07-16,795024,
2024-07-17,795024,
2024-07-17,15105,
2024-07-17,43349,
2024-07-17,766779,
2024-07-18,766779,
2024-07-18,230770,
2024-07-18,221770,
2024-07-18,775779,
2024-07-19,775779,
2024-07-19,14472,
2024-07-19,19000,
2024-07-19,771252,
2024-07-22,771252,
2024-07-22,29608,
2024-07-22,31077,
2024-07-22,769783,
2024-07-23,769783,
2024-07-23,253823,
2024-07-23,230139,
2024-07-23,793467,
2024-07-24,793467,
2024-07-24,16859,
2024-07-24,42906,
2024-07-24,767419,
2024-07-25,767419,
2024-07-25,230463,
2024-07-25,229989,
2024-07-25,767894,
2024-07-26,767894,
2024-07-26,13519,
2024-07-26,14885,
2024-07-26,766528,
2024-07-29,766528,
2024-07-29,29621,
2024-07-29,14649,
2024-07-29,781500,
2024-07-30,781500,
2024-07-30,249799,
2024-07-30,228877,
2024-07-30,802422,
2024-07-31,802422,
2024-07-31,281645,
2024-07-31,230066,
2024-07-31,854001,
2024-08-01,854001,
2024-08-01,259091,
2024-08-01,327997,
2024-08-01,785094,
2024-08-02,785094,
2024-08-02,17131,
2024-08-02,43168,
2024-08-02,759058,
2024-08-05,759058,
2024-08-05,28007,
2024-08-05,17868,
2024-08-05,769196,
2024-08-06,769196,
2024-08-06,249458,
2024-08-06,238834,
2024-08-06,779820,
2024-08-07,779820,
2024-08-07,19488,
2024-08-07,14076,
2024-08-07,785233,
2024-08-08,785233,
2024-08-08,286510,
2024-08-08,279447,
2024-08-08,792296,
2024-08-09,792296,
2024-08-09,12100,
2024-08-09,16038,
2024-08-09,788359,
2024-08-12,788359,
2024-08-12,28312,
2024-08-12,16636,
2024-08-12,800035,
2024-08-13,800035,
2024-08-13,255888,
2024-08-13,243309,
2024-08-13,812614,
2024-08-14,812614,
2024-08-14,18340,
2024-08-14,42130,
2024-08-14,788823,
2024-08-15,788823,
2024-08-15,395176,
2024-08-15,458090,
2024-08-15,725909,
2024-08-16,725909,
2024-08-16,26829,
2024-08-16,21802,
2024-08-16,730937,
2024-08-19,730937,
2024-08-19,31270,
2024-08-19,19174,
2024-08-19,743033,
2024-08-20,743033,
2024-08-20,257391,
2024-08-20,241444,
2024-08-20,758980,
2024-08-21,758980,
2024-08-21,18675,
2024-08-21,42928,
2024-08-21,734727,
2024-08-22,734727,
2024-08-22,244850,
2024-08-22,244844,
2024-08-22,734733,
2024-08-23,734733,
2024-08-23,13342,
2024-08-23,13841,
2024-08-23,734234,
2024-08-26,734234,
2024-08-26,27120,
2024-08-26,21134,
2024-08-26,740219,
2024-08-27,740219,
2024-08-27,293029,
2024-08-27,247021,
2024-08-27,786228,
2024-08-28,786228,
2024-08-28,16755,
2024-08-28,45906,
2024-08-28,757077,
2024-08-29,757077,
2024-08-29,241533,
2024-08-29,244130,
2024-08-29,754480,
2024-08-30,754480,
2024-08-30,57246,
2024-08-30,102213,
2024-08-30,709513,
2024-09-03,709513,
2024-09-03,499262,
2024-09-03,434640,
2024-09-03,774135,
2024-09-04,774135,
2024-09-04,13832,
2024-09-04,16920,
2024-09-04,771047,
2024-09-05,771047,
2024-09-05,276270,
2024-09-05,278196,
2024-09-05,769122,
2024-09-06,769122,
2024-09-06,14178,
2024-09-06,23464,
2024-09-06,759836,
2024-09-09,759836,
2024-09-09,28015,
2024-09-09,16446,
2024-09-09,771405,
2024-09-10,771405,
2024-09-10,242198,
2024-09-10,267508,
2024-09-10,746095,
2024-09-11,746095,
2024-09-11,25886,
2024-09-11,46404,
2024-09-11,725577,
2024-09-12,725577,
2024-09-12,230378,
2024-09-12,267601,
2024-09-12,688354,
2024-09-13,688354,
2024-09-13,57234,
2024-09-13,31658,
2024-09-13,713930,
2024-09-16,713930,
2024-09-16,249122,
2024-09-16,87949,
2024-09-16,875103,
2024-09-17,875103,
2024-09-17,242848,
2024-09-17,264236,
2024-09-17,853715,
2024-09-18,853715,
2024-09-18,30779,
2024-09-18,45096,
2024-09-18,839398,
2024-09-19,839398,
2024-09-19,221389,
2024-09-19,235536,
2024-09-19,825250,
2024-09-20,825250,
2024-09-20,18215,
2024-09-20,38726,
2024-09-20,804739,
2024-09-23,804739,
2024-09-23,37018,
2024-09-23,17432,
2024-09-23,824326,
2024-09-24,824326,
2024-09-24,243490,
2024-09-24,263120,
2024-09-24,804696,
2024-09-25,804696,
2024-09-25,25628,
2024-09-25,51414,
2024-09-25,778910,
2024-09-26,778910,
2024-09-26,218246,
2024-09-26,250457,
2024-09-26,746699,
2024-09-27,746699,
2024-09-27,47584,
2024-09-27,21579,
2024-09-27,772704,
2024-09-30,772704,
2024-09-30,265951,
2024-09-30,152930,
2024-09-30,885725,
2024-10-01,885725,
2024-10-01,271176,
2024-10-01,342908,
2024-10-01,813994,
2024-10-02,813994,
2024-10-02,21944,
2024-10-02,12526,
2024-10-02,823412,
2024-10-03,823412,
2024-10-03,288497,
2024-10-03,315962,
2024-10-03,795948,
2024-10-04,795948,
2024-10-04,15877,
2024-10-04,11574,
2024-10-04,800250,
2024-10-07,800250,
2024-10-07,26297,
2024-10-07,16030,
2024-10-07,810517,
2024-10-08,810517,
2024-10-08,263894,
2024-10-08,254219,
2024-10-08,820191,
2024-10-09,820191,
2024-10-09,17130,
2024-10-09,49926,
2024-10-09,787395,
2024-10-10,787395,
2024-10-10,249358,
2024-10-10,253409,
2024-10-10,783345,
2024-10-11,783345,
2024-10-11,18107,
2024-10-11,21753,
2024-10-11,779699,
2024-10-15,779699,
2024-10-15,422370,
2024-10-15,376416,
2024-10-15,825653,
2024-10-16,825653,
2024-10-16,32914,
2024-10-16,43816,
2024-10-16,814751,
2024-10-17,814751,
2024-10-17,261109,
2024-10-17,247014,
2024-10-17,828847,
2024-10-18,828847,
2024-10-18,15352,
2024-10-18,16401,
2024-10-18,827798,
2024-10-21,827798,
2024-10-21,28631,
2024-10-21,14833,
2024-10-21,841596,
2024-10-22,841596,
2024-10-22,261347,
2024-10-22,264253,
2024-10-22,838690,
2024-10-23,838690,
2024-10-23,25831,
2024-10-23,47111,
2024-10-23,817410,
2024-10-24,817410,
2024-10-24,250704,
2024-10-24,233979,
2024-10-24,834134,
2024-10-25,834134,
2024-10-25,14753,
2024-10-25,21409,
2024-10-25,827478,
2024-10-28,827478,
2024-10-28,31479,
2024-10-28,23063,
2024-10-28,835894,
2024-10-29,835894,
2024-10-29,263002,
2024-10-29,251833,
2024-10-29,847063,
2024-10-30,847063,
2024-10-30,20069,
2024-10-30,19995,
2024-10-30,847137,
2024-10-31,847137,
2024-10-31,571150,
2024-10-31,497245,
2024-10-31,921042,
2024-11-01,921042,
2024-11-01,33529,
2024-11-01,135341,
2024-11-01,819229,
2024-11-04,819229,
2024-11-04,34144,
2024-11-04,16771,
2024-11-04,836603,
2024-11-05,836603,
2024-11-05,262880,
2024-11-05,260683,
2024-11-05,838800,
2024-11-06,838800,
2024-11-06,19212,
2024-11-06,17784,
2024-11-06,840227,
2024-11-07,840227,
2024-11-07,251513,
2024-11-07,251777,
2024-11-07,839963,
2024-11-08,839963,
2024-11-08,14618,
2024-11-08,23303,
2024-11-08,831278,
2024-11-12,831278,
2024-11-12,283031,
2024-11-12,262937,
2024-11-12,851371,
2024-11-13,851371,
2024-11-13,12881,
2024-11-13,55395,
2024-11-13,808857,
2024-11-14,808857,
2024-11-14,265294,
2024-11-14,258458,
2024-11-14,815693,
2024-11-15,815693,
2024-11-15,173369,
2024-11-15,258151,
2024-11-15,730911,
2024-11-18,730911,
2024-11-18,39549,
2024-11-18,16327,
2024-11-18,754133,
2024-11-19,754133,
2024-11-19,266973,
2024-11-19,258389,
2024-11-19,762717,
2024-11-20,762717,
2024-11-20,18925,
2024-11-20,43808,
2024-11-20,737834,
2024-11-21,737834,
2024-11-21,301989,
2024-11-21,260126,
2024-11-21,779696,
2024-11-22,779696,
2024-11-22,13743,
2024-11-22,34776,
2024-11-22,758663,
2024-11-25,758663,
2024-11-25,37018,
2024-11-25,18566,
2024-11-25,777116,
2024-11-26,777116,
2024-11-26,301729,
2024-11-26,267602,
2024-11-26,811242,
2024-11-27,21167,
2024-11-27,811242,
2024-11-27,49705,
2024-11-27,782704,
2024-11-29,782704,
2024-11-29,357270,
2024-11-29,383096,
2024-11-29,756878,
2024-12-02,756878,
2024-12-02,256354,
2024-12-02,170451,
2024-12-02,842781,
2024-12-03,842781,
2024-12-03,264694,
2024-12-03,291993,
2024-12-03,815482,
2024-12-04,815482,
2024-12-04,19026,
2024-12-04,19497,
2024-12-04,815011,
2024-12-05,815011,
2024-12-05,236415,
2024-12-05,252772,
2024-12-05,798654,
2024-12-06,798654,
2024-12-06,14784,
2024-12-06,24683,
2024-12-06,788754,
2024-12-09,788754,
2024-12-09,31082,
2024-12-09,18946,
2024-12-09,800890,
2024-12-10,800890,
2024-12-10,243222,
2024-12-10,295803,
2024-12-10,748309,
2024-12-11,748309,
2024-12-11,20665,
2024-12-11,57620,
2024-12-11,711354,
2024-12-12,711354,
2024-12-12,241716,
2024-12-12,249394,
2024-12-12,703676,
2024-12-13,703676,
2024-12-13,40872,
2024-12-13,19224,
2024-12-13,725325,
2024-12-16,725325,
2024-12-16,220522,
2024-12-16,84630,
2024-12-16,861216,
2024-12-17,861216,
2024-12-17,238311,
2024-12-17,268847,
2024-12-17,830681,
2024-12-18,830681,
2024-12-18,21687,
2024-12-18,48393,
2024-12-18,803975,
2024-12-19,803975,
2024-12-19,230718,
2024-12-19,246710,
2024-12-19,787982,
2024-12-20,787982,
2024-12-20,19956,
2024-12-20,40448,
2024-12-20,767489,
2024-12-23,767489,
2024-12-23,47154,
2024-12-23,21779,
2024-12-23,792864,
2024-12-24,792864,
2024-12-24,236416,
2024-12-24,294240,
2024-12-24,735039,
2024-12-26,735039,
2024-12-26,287164,
2024-12-26,333505,
2024-12-26,688699,
2024-12-27,688699,
2024-12-27,51473,
2024-12-27,19772,
2024-12-27,720401,
2024-12-30,720401,
2024-12-30,44060,
2024-12-30,19033,
2024-12-30,745427,
2024-12-31,745427,
2024-12-31,456284,
2024-12-31,479819,
2024-12-31,721892,
2025-01-02,721892,
2025-01-02,287029,
2025-01-02,331876,
2025-01-02,677045,
2025-01-03,677045,
2025-01-03,19063,
2025-01-03,45831,
2025-01-03,650277,
2025-01-06,650277,
2025-01-06,38384,
2025-01-06,20104,
2025-01-06,668557,
2025-01-07,668557,
2025-01-07,243690,
2025-01-07,260759,
2025-01-07,651488,
2025-01-08,651488,
2025-01-08,17590,
2025-01-08,48546,
2025-01-08,620531,
2025-01-09,620531,
2025-01-09,258241,
2025-01-09,255044,
2025-01-09,623729,
2025-01-10,623729,
2025-01-10,17007,
2025-01-10,9152,
2025-01-10,631584,
2025-01-13,631584,
2025-01-13,38633,
2025-01-13,22862,
2025-01-13,647354,
2025-01-14,647354,
2025-01-14,279196,
2025-01-14,255000,
2025-01-14,671551,
2025-01-15,671551,
2025-01-15,209529,
2025-01-15,229892,
2025-01-15,651187,
2025-01-16,651187,
2025-01-16,282912,
2025-01-16,256911,
2025-01-16,677188,
2025-01-17,21313,
2025-01-17,673357,
2025-01-17,677188,
2025-01-17,17481,
2025-01-21,673357,
2025-01-21,287577,
2025-01-21,256060,
2025-01-21,704874,
2025-01-22,704874,
2025-01-22,17145,
2025-01-22,56534,
2025-01-22,665485,
2025-01-23,665485,
2025-01-23,397101,
2025-01-23,302543,
2025-01-23,760043,
2025-01-24,760043,
2025-01-24,25320,
2025-01-24,16379,
2025-01-24,768984,
2025-01-27,768984,
2025-01-27,42089,
2025-01-27,13614,
2025-01-27,797458,
2025-01-28,797458,
2025-01-28,264123,
2025-01-28,248138,
2025-01-28,813442,
2025-01-29,813442,
2025-01-29,24035,
2025-01-29,25928,
2025-01-29,811549,
2025-01-30,811549,
2025-01-30,269398,
2025-01-30,254996,
2025-01-30,825951,
2025-01-31,825951,
2025-01-31,286444,
2025-01-31,319370,
2025-01-31,793025,
2025-02-03,793025,
2025-02-03,66063,
2025-02-03,59083,
2025-02-03,800006,
2025-02-04,800006,
2025-02-04,269809,
2025-02-04,253648,
2025-02-04,816166,
2025-02-05,816166,
2025-02-05,19279,
2025-02-05,17493,
2025-02-05,817953,
2025-02-06,817953,
2025-02-06,261451,
2025-02-06,249081,
2025-02-06,830323,
2025-02-07,830323,
2025-02-07,14412,
2025-02-07,18984,
2025-02-07,825751,
2025-02-10,825751,
2025-02-10,30902,
2025-02-10,18848,
2025-02-10,837805,
2025-02-11,837805,
2025-02-11,263150,
2025-02-11,258773,
2025-02-11,842182,
2025-02-12,842182,
2025-02-12,17488,
2025-02-12,50515,
2025-02-12,809154,
2025-02-13,809154,
2025-02-13,262323,
2025-02-13,262139,
2025-02-13,809338,
2025-02-14,809338,
2025-02-14,19115,
2025-02-14,26369,
2025-02-14,802084,
2025-02-18,802084,
2025-02-18,461482,
2025-02-18,489740,
2025-02-18,773826,
2025-02-19,773826,
2025-02-19,13473,
2025-02-19,48360,
2025-02-19,738938,
2025-02-20,738938,
2025-02-20,313241,
2025-02-20,324299,
2025-02-20,727881,
2025-02-21,727881,
2025-02-21,15458,
2025-02-21,29697,
2025-02-21,713642,
2025-02-24,713642,
2025-02-24,34415,
2025-02-24,40999,
2025-02-24,707057,
2025-02-25,707057,
2025-02-25,246553,
2025-02-25,329899,
2025-02-25,623711,
2025-02-26,623711,
2025-02-26,20477,
2025-02-26,75637,
2025-02-26,568550,
2025-02-27,568550,
2025-02-27,239184,
2025-02-27,270441,
2025-02-27,537294,
2025-02-28,537294,
2025-02-28,281285,
2025-02-28,258997,
2025-02-28,559582,
2025-03-03,559582,
2025-03-03,69621,
2025-03-03,62494,
2025-03-03,566710,
2025-03-04,566710,
2025-03-04,233477,
2025-03-04,267436,
2025-03-04,532751,
2025-03-05,532751,
2025-03-05,22497,
2025-03-05,32430,
2025-03-05,522818,
2025-03-06,522818,
2025-03-06,267248,
2025-03-06,260578,
2025-03-06,529488,
2025-03-07,529488,
2025-03-07,17194,
2025-03-07,25221,
2025-03-07,521461,
2025-03-10,521461,
2025-03-10,42688,
2025-03-10,21561,
2025-03-10,542588,
2025-03-11,542588,
2025-03-11,227295,
2025-03-11,268986,
2025-03-11,500897,
2025-03-12,500897,
2025-03-12,21614,
2025-03-12,71798,
2025-03-12,450713,
2025-03-13,450713,
2025-03-13,227987,
2025-03-13,266277,
2025-03-13,412423,
2025-03-14,412423,
2025-03-14,29819,
2025-03-14,28102,
2025-03-14,414141,
2025-03-17,414141,
2025-03-17,199103,
2025-03-17,82492,
2025-03-17,530752,
2025-03-18,530752,
2025-03-18,225488,
2025-03-18,306087,
2025-03-18,450153,
2025-03-19,450153,
2025-03-19,20342,
2025-03-19,54695,
2025-03-19,415799,
2025-03-20,270474,
2025-03-20,415799,
2025-03-20,303027,
2025-03-20,383246,
2025-03-21,383246,
2025-03-21,15482,
2025-03-21,36783,
2025-03-21,361945,
2025-03-24,361945,
2025-03-24,40714,
2025-03-24,16973,
2025-03-24,385686,
2025-03-25,385686,
2025-03-25,224427,
2025-03-25,259615,
2025-03-25,350498,
2025-03-26,350498,
2025-03-26,19302,
2025-03-26,53830,
2025-03-26,315970,
2025-03-27,315970,
2025-03-27,227067,
2025-03-27,262388,
2025-03-27,280650,
2025-03-28,280650,
2025-03-28,51337,
2025-03-28,30198,
2025-03-28,301789,
2025-03-31,301789,
2025-03-31,262527,
2025-03-31,158530,
2025-03-31,405786,
2025-04-01,405786,
2025-04-01,250278,
2025-04-01,356206,
2025-04-01,299858,
2025-04-02,299858,
2025-04-02,27109,
2025-04-02,25342,
2025-04-02,301624,
2025-04-03,301624,
2025-04-03,288860,
2025-04-03,294124,
2025-04-03,296360,
2025-04-04,296360,
2025-04-04,19612,
2025-04-04,24580,
2025-04-04,291391,
2025-04-07,291391,
2025-04-07,35099,
2025-04-07,16502,
2025-04-07,309989,
2025-04-08,309989,
2025-04-08,288345,
2025-04-08,251699,
2025-04-08,346635,
2025-04-09,346635,
2025-04-09,26367,
2025-04-09,57813,
2025-04-09,315189,
2025-04-10,315189,
2025-04-10,260870,
2025-04-10,261591,
2025-04-10,314467,
2025-04-11,314467,
2025-04-11,50474,
2025-04-11,34438,
2025-04-11,330503,
2025-04-14,330503,
2025-04-14,105437,
2025-04-14,20270,
2025-04-14,415670,
2025-04-15,415670,
2025-04-15,549487,
2025-04-15,364703,
2025-04-15,600455,
2025-04-16,600455,
2025-04-16,89851,
2025-04-16,51524,
2025-04-16,638783,
2025-04-17,638783,
2025-04-17,324754,
2025-04-17,363544,
2025-04-17,599993,
2025-04-18,599993,
2025-04-18,31002,
2025-04-18,18614,
2025-04-18,612381,
2025-04-21,612381,
2025-04-21,43567,
2025-04-21,29504,
2025-04-21,626444,
2025-04-22,626444,
2025-04-22,275121,
2025-04-22,294880,
2025-04-22,606684,
2025-04-23,606684,
2025-04-23,32571,
2025-04-23,63096,
2025-04-23,576159,
2025-04-24,576159,
2025-04-24,245127,
2025-04-24,258527,
2025-04-24,562759,
2025-04-25,562759,
2025-04-25,28870,
2025-04-25,19939,
2025-04-25,571691,
2025-04-28,571691,
2025-04-28,46359,
2025-04-28,20052,
2025-04-28,597998,
2025-04-29,597998,
2025-04-29,254501,
2025-04-29,235793,
2025-04-29,616705,
2025-04-30,616705,
2025-04-30,307733,
2025-04-30,246782,
2025-04-30,677657,
2025-05-01,677657,
2025-05-01,278368,
2025-05-01,362936,
2025-05-01,593088,
2025-05-02,593088,
2025-05-02,23149,
2025-05-02,41892,
2025-05-02,574345,
2025-05-05,574345,
2025-05-05,33350,
2025-05-05,17345,
2025-05-05,590351,
2025-05-06,590351,
2025-05-06,235920,
2025-05-06,242518,
2025-05-06,583753,
2025-05-07,583753,
2025-05-07,29899,
2025-05-07,17792,
2025-05-07,595860,
2025-05-08,595860,
2025-05-08,236995,
2025-05-08,256627,
2025-05-08,576228,
2025-05-09,576228,
2025-05-09,16488,
2025-05-09,19970,
2025-05-09,572746,
2025-05-12,572746,
2025-05-12,32494,
2025-05-12,21871,
2025-05-12,583369,
2025-05-13,583369,
2025-05-13,258949,
2025-05-13,251666,
2025-05-13,590652,
2025-05-14,590652,
2025-05-14,19408,
2025-05-14,47626,
2025-05-14,562433,
2025-05-15,562433,
2025-05-15,471703,
2025-05-15,537487,
2025-05-15,496649,
2025-05-16,496649,
2025-05-16,27806,
2025-05-16,19749,
2025-05-16,504706,
2025-05-19,504706,
2025-05-19,33868,
2025-05-19,15366,
2025-05-19,523207,
2025-05-20,523207,
2025-05-20,233230,
2025-05-20,244911,
2025-05-20,511526,
2025-05-21,511526,
2025-05-21,20116,
2025-05-21,55756,
2025-05-21,475886,
2025-05-22,475886,
2025-05-22,252947,
2025-05-22,255085,
2025-05-22,473748,
2025-05-23,473748,
2025-05-23,17089,
2025-05-23,20194,
2025-05-23,470643,
2025-05-27,470643,
2025-05-27,256172,
2025-05-27,249334,
2025-05-27,477481,
2025-05-28,477481,
2025-05-28,11373,
2025-05-28,52228,
2025-05-28,436627,
2025-05-29,436627,
2025-05-29,241794,
2025-05-29,278577,
2025-05-29,399844,
2025-05-30,399844,
2025-05-30,64365,
2025-05-30,112766,
2025-05-30,351443,
2025-06-02,351443,
2025-06-02,277562,
2025-06-02,189642,
2025-06-02,439362,
2025-06-03,439362,
2025-06-03,215789,
2025-06-03,272214,
2025-06-03,382937,
2025-06-04,382937,
2025-06-04,19758,
2025-06-04,26536,
2025-06-04,376160,
2025-06-05,376160,
2025-06-05,217052,
2025-06-05,242369,
2025-06-05,350843,
2025-06-06,350843,
2025-06-06,16373,
2025-06-06,22458,
2025-06-06,344758,
2025-06-09,344758,
2025-06-09,33349,
2025-06-09,19312,
2025-06-09,358796,
2025-06-10,358796,
2025-06-10,199439,
2025-06-10,248826,
2025-06-10,309409,
2025-06-11,309409,
2025-06-11,27397,
2025-06-11,59781,
2025-06-11,277025,
2025-06-12,277025,
2025-06-12,276648,
2025-06-12,292866,
2025-06-12,260807,
2025-06-13,260807,
2025-06-13,49868,
2025-06-13,22597,
2025-06-13,288078,
2025-06-16,288078,
2025-06-16,232607,
2025-06-16,74382,
2025-06-16,446302,
2025-06-17,446302,
2025-06-17,206443,
2025-06-17,243607,
2025-06-17,409139,
2025-06-18,409139,
2025-06-18,29617,
2025-06-18,54904,
2025-06-18,383851,
2025-06-20,383851,
2025-06-20,228967,
2025-06-20,246298,
2025-06-20,366520,
2025-06-23,366520,
2025-06-23,37417,
2025-06-23,29368,
2025-06-23,374568,
2025-06-24,374568,
2025-06-24,226684,
2025-06-24,243181,
2025-06-24,358071,
2025-06-25,358071,
2025-06-25,24778,
2025-06-25,48270,
2025-06-25,334579,
2025-06-26,334579,
2025-06-26,219365,
2025-06-26,249102,
2025-06-26,304841,
