record_date,parent_id,classification_id,classification_desc,current_month_gross_rcpt_amt,current_month_gross_outly_amt,current_month_dfct_sur_amt,table_nbr,src_line_nbr,print_order_nbr,line_code_nbr,data_type_cd,record_type_cd,sequence_level_nbr,sequence_number_cd,record_fiscal_year,record_fiscal_quarter,record_calendar_year,record_calendar_quarter,record_calendar_month,record_calendar_day
2023-07-31,null,52227741,FY 2022,null,null,null,1,1,1,10,S,SL,1,1,2023,4,2023,3,07,31
2023-07-31,52227741,52227745,October,283927343217.40,448982666150.65,165055322933.25,1,2,2,20,D,MTH,2,1.1,2023,4,2023,3,07,31
2023-07-31,52227741,52227758,November,281208009810.60,472543014095.56,191335004284.96,1,3,3,30,D,MTH,2,1.2,2023,4,2023,3,07,31
2023-07-31,52227741,52227760,December,486723009373.54,508025997966.98,21302988593.44,1,4,4,40,D,MTH,2,1.3,2023,4,2023,3,07,31
2023-07-31,52227741,52227762,January,465073727208.42,346374868966.76,-118698858241.66,1,5,5,50,D,MTH,2,1.4,2023,4,2023,3,07,31
2023-07-31,52227741,52227764,February,289857266549.48,506447018605.53,216589752056.05,1,6,6,60,D,MTH,2,1.5,2023,4,2023,3,07,31
2023-07-31,52227741,52227785,March,315165487243.69,507799156854.21,192633669610.52,1,7,7,70,D,MTH,2,1.6,2023,4,2023,3,07,31
2023-07-31,52227741,52227808,April,863643681782.76,555428621255.97,-308215060526.79,1,8,8,80,D,MTH,2,1.7,2023,4,2023,3,07,31
2023-07-31,52227741,52227811,May,388988459588.24,455210973269.82,66222513681.58,1,9,9,90,D,MTH,2,1.8,2023,4,2023,3,07,31
2023-07-31,52227741,52227815,June,460756710619.63,549598223836.55,88841513216.92,1,10,10,100,D,MTH,2,1.9,2023,4,2023,3,07,31
2023-07-31,52227741,52227819,July,269330957036.50,480382717086.76,211051760050.26,1,11,11,110,D,MTH,2,1.10,2023,4,2023,3,07,31
2023-07-31,52227741,52227823,August,303721503258.70,523317744208.34,219596240949.64,1,12,12,120,D,MTH,2,1.11,2023,4,2023,3,07,31
2023-07-31,52227741,52227824,September,487723018513.97,917489202681.77,429766184167.80,1,13,13,130,D,MTH,2,1.12,2023,4,2023,3,07,31
2023-07-31,52227741,52227828,Year-to-Date,4896119174202.93,6271600204978.90,1375481030775.97,1,14,14,140,T,SL,2,1.13,2023,4,2023,3,07,31
2023-07-31,null,52227835,FY 2023,null,null,null,1,15,15,150,S,SL,1,2,2023,4,2023,3,07,31
2023-07-31,52227835,52227840,October,318500079859.09,406374243972.26,87874164113.17,1,16,16,160,D,MTH,2,2.1,2023,4,2023,3,07,31
2023-07-31,52227835,52227843,November,252110808982.40,500645689634.98,248534880652.58,1,17,17,170,D,MTH,2,2.2,2023,4,2023,3,07,31
2023-07-31,52227835,52227846,December,454942371659.52,539943108237.40,85000736577.88,1,18,18,180,D,MTH,2,2.3,2023,4,2023,3,07,31
2023-07-31,52227835,52227847,January,447288317962.29,486072090101.51,38783772139.22,1,19,19,190,D,MTH,2,2.4,2023,4,2023,3,07,31
2023-07-31,52227835,52227850,February,262113909495.88,524547752690.11,262433843194.23,1,20,20,200,D,MTH,2,2.5,2023,4,2023,3,07,31
2023-07-31,52227835,52227853,March,313240364412.41,691316680884.15,378076316471.74,1,21,21,210,D,MTH,2,2.6,2023,4,2023,3,07,31
2023-07-31,52227835,52227856,April,638520361158.51,462339570809.39,-176180790349.12,1,22,22,220,D,MTH,2,2.7,2023,4,2023,3,07,31
2023-07-31,52227835,52227859,May,307486880350.41,547835120008.78,240348239658.37,1,23,23,230,D,MTH,2,2.8,2023,4,2023,3,07,31
2023-07-31,52227835,52227862,June,418316902368.96,646085314907.01,227768412538.05,1,24,24,240,D,MTH,2,2.9,2023,4,2023,3,07,31
2023-07-31,52227835,52227865,July,276160854143.85,496942951497.45,220782097353.60,1,25,25,250,D,MTH,2,2.10,2023,4,2023,3,07,31
2023-07-31,52227835,52227868,Year-to-Date,3688680850393.32,5302102522743.04,1613421672349.72,1,26,26,280,T,SL,2,2.11,2023,4,2023,3,07,31
2023-08-31,null,52523193,FY 2022,null,null,null,1,1,1,10,S,SL,1,1,2023,4,2023,3,08,31
2023-08-31,52523193,52523232,October,283927343217.40,448982666150.65,165055322933.25,1,2,2,20,D,MTH,2,1.1,2023,4,2023,3,08,31
2023-08-31,52523193,52523236,November,281208009810.60,472543014095.56,191335004284.96,1,3,3,30,D,MTH,2,1.2,2023,4,2023,3,08,31
2023-08-31,52523193,52523258,December,486723009373.54,508025997966.98,21302988593.44,1,4,4,40,D,MTH,2,1.3,2023,4,2023,3,08,31
2023-08-31,52523193,52523260,January,465073727208.42,346374868966.76,-118698858241.66,1,5,5,50,D,MTH,2,1.4,2023,4,2023,3,08,31
2023-08-31,52523193,52523264,February,289857266549.48,506447018605.53,216589752056.05,1,6,6,60,D,MTH,2,1.5,2023,4,2023,3,08,31
2023-08-31,52523193,52523265,March,315165487243.69,507799156854.21,192633669610.52,1,7,7,70,D,MTH,2,1.6,2023,4,2023,3,08,31
2023-08-31,52523193,52523268,April,863643681782.76,555428621255.97,-308215060526.79,1,8,8,80,D,MTH,2,1.7,2023,4,2023,3,08,31
2023-08-31,52523193,52523271,May,388988459588.24,455210973269.82,66222513681.58,1,9,9,90,D,MTH,2,1.8,2023,4,2023,3,08,31
2023-08-31,52523193,52523273,June,460756710619.63,549598223836.55,88841513216.92,1,10,10,100,D,MTH,2,1.9,2023,4,2023,3,08,31
2023-08-31,52523193,52523281,July,269330957036.50,480382717086.76,211051760050.26,1,11,11,110,D,MTH,2,1.10,2023,4,2023,3,08,31
2023-08-31,52523193,52523289,August,303721503258.70,523317744208.34,219596240949.64,1,12,12,120,D,MTH,2,1.11,2023,4,2023,3,08,31
2023-08-31,52523193,52523293,September,487723018513.97,917489202681.77,429766184167.80,1,13,13,130,D,MTH,2,1.12,2023,4,2023,3,08,31
2023-08-31,52523193,52523298,Year-to-Date,4896119174202.93,6271600204978.90,1375481030775.97,1,14,14,140,T,SL,2,1.13,2023,4,2023,3,08,31
2023-08-31,null,52523306,FY 2023,null,null,null,1,15,15,150,S,SL,1,2,2023,4,2023,3,08,31
2023-08-31,52523306,52523314,October,318500079859.09,406374243972.26,87874164113.17,1,16,16,160,D,MTH,2,2.1,2023,4,2023,3,08,31
2023-08-31,52523306,52523320,November,252110808982.40,500645689634.98,248534880652.58,1,17,17,170,D,MTH,2,2.2,2023,4,2023,3,08,31
2023-08-31,52523306,52523322,December,454942371659.52,539943108237.40,85000736577.88,1,18,18,180,D,MTH,2,2.3,2023,4,2023,3,08,31
2023-08-31,52523306,52523326,January,447288317962.29,486072090101.51,38783772139.22,1,19,19,190,D,MTH,2,2.4,2023,4,2023,3,08,31
2023-08-31,52523306,52523329,February,262113909495.88,524547752690.11,262433843194.23,1,20,20,200,D,MTH,2,2.5,2023,4,2023,3,08,31
2023-08-31,52523306,52523332,March,313240364412.41,691316680884.15,378076316471.74,1,21,21,210,D,MTH,2,2.6,2023,4,2023,3,08,31
2023-08-31,52523306,52523335,April,638520361158.51,462339570809.39,-176180790349.12,1,22,22,220,D,MTH,2,2.7,2023,4,2023,3,08,31
2023-08-31,52523306,52523339,May,307486880350.41,547835120008.78,240348239658.37,1,23,23,230,D,MTH,2,2.8,2023,4,2023,3,08,31
2023-08-31,52523306,52523341,June,418316902368.96,646085314907.01,227768412538.05,1,24,24,240,D,MTH,2,2.9,2023,4,2023,3,08,31
2023-08-31,52523306,52523345,July,276160854143.85,496942951497.45,220782097353.60,1,25,25,250,D,MTH,2,2.10,2023,4,2023,3,08,31
2023-08-31,52523306,52523348,August,283130206157.26,193874633463.53,-89255572693.73,1,26,26,260,D,MTH,2,2.11,2023,4,2023,3,08,31
2023-08-31,52523306,52523352,Year-to-Date,3971811056550.58,5495977156206.57,1524166099655.99,1,27,27,280,T,SL,2,2.12,2023,4,2023,3,08,31
2023-09-30,null,52761112,FY 2022,null,null,null,1,1,1,10,S,SL,1,1,2023,4,2023,3,09,30
2023-09-30,52761112,52761118,October,283927343217.40,448982666150.65,165055322933.25,1,2,2,20,D,MTH,2,1.1,2023,4,2023,3,09,30
2023-09-30,52761112,52761120,November,281208009810.60,472543014095.56,191335004284.96,1,3,3,30,D,MTH,2,1.2,2023,4,2023,3,09,30
2023-09-30,52761112,52761122,December,486723009373.54,508025997966.98,21302988593.44,1,4,4,40,D,MTH,2,1.3,2023,4,2023,3,09,30
2023-09-30,52761112,52761124,January,465073727208.42,346374868966.76,-118698858241.66,1,5,5,50,D,MTH,2,1.4,2023,4,2023,3,09,30
2023-09-30,52761112,52761126,February,289857266549.48,506447018605.53,216589752056.05,1,6,6,60,D,MTH,2,1.5,2023,4,2023,3,09,30
2023-09-30,52761112,52761131,March,315165487243.69,507799156854.21,192633669610.52,1,7,7,70,D,MTH,2,1.6,2023,4,2023,3,09,30
2023-09-30,52761112,52761138,April,863643681782.76,555428621255.97,-308215060526.79,1,8,8,80,D,MTH,2,1.7,2023,4,2023,3,09,30
2023-09-30,52761112,52761140,May,388988459588.24,455210973269.82,66222513681.58,1,9,9,90,D,MTH,2,1.8,2023,4,2023,3,09,30
2023-09-30,52761112,52761143,June,460756710619.63,549598223836.55,88841513216.92,1,10,10,100,D,MTH,2,1.9,2023,4,2023,3,09,30
2023-09-30,52761112,52761146,July,269330957036.50,480382717086.76,211051760050.26,1,11,11,110,D,MTH,2,1.10,2023,4,2023,3,09,30
2023-09-30,52761112,52761148,August,303721503258.70,523317744208.34,219596240949.64,1,12,12,120,D,MTH,2,1.11,2023,4,2023,3,09,30
2023-09-30,52761112,52761149,September,487723018513.97,917489202681.77,429766184167.80,1,13,13,130,D,MTH,2,1.12,2023,4,2023,3,09,30
2023-09-30,52761112,52761150,Year-to-Date,4896119174202.93,6271600204978.90,1375481030775.97,1,14,14,140,T,SL,2,1.13,2023,4,2023,3,09,30
2023-09-30,null,52761154,FY 2023,null,null,null,1,15,15,150,S,SL,1,2,2023,4,2023,3,09,30
2023-09-30,52761154,52761156,October,318500079859.09,406374243972.26,87874164113.17,1,16,16,160,D,MTH,2,2.1,2023,4,2023,3,09,30
2023-09-30,52761154,52761158,November,252110808982.40,500645689634.98,248534880652.58,1,17,17,170,D,MTH,2,2.2,2023,4,2023,3,09,30
2023-09-30,52761154,52761160,December,454942371659.52,539943108237.40,85000736577.88,1,18,18,180,D,MTH,2,2.3,2023,4,2023,3,09,30
2023-09-30,52761154,52761161,January,447288317962.29,486072090101.51,38783772139.22,1,19,19,190,D,MTH,2,2.4,2023,4,2023,3,09,30
2023-09-30,52761154,52761165,February,262113909495.88,524547752690.11,262433843194.23,1,20,20,200,D,MTH,2,2.5,2023,4,2023,3,09,30
2023-09-30,52761154,52761170,March,313240364412.41,691316680884.15,378076316471.74,1,21,21,210,D,MTH,2,2.6,2023,4,2023,3,09,30
2023-09-30,52761154,52761173,April,638520361158.51,462339570809.39,-176180790349.12,1,22,22,220,D,MTH,2,2.7,2023,4,2023,3,09,30
2023-09-30,52761154,52761177,May,307486880350.41,547835120008.78,240348239658.37,1,23,23,230,D,MTH,2,2.8,2023,4,2023,3,09,30
2023-09-30,52761154,52761183,June,418316902368.96,646085314907.01,227768412538.05,1,24,24,240,D,MTH,2,2.9,2023,4,2023,3,09,30
2023-09-30,52761154,52761186,July,276160854143.85,496942951497.45,220782097353.60,1,25,25,250,D,MTH,2,2.10,2023,4,2023,3,09,30
2023-09-30,52761154,52761189,August,283130206157.26,193874633463.53,-89255572693.73,1,26,26,260,D,MTH,2,2.11,2023,4,2023,3,09,30
2023-09-30,52761154,52761190,September,467472683369.96,638454884244.74,170982200874.78,1,27,27,270,D,MTH,2,2.12,2023,4,2023,3,09,30
2023-09-30,52761154,52761191,Year-to-Date,4439283739920.54,6134432040451.31,1695148300530.77,1,28,28,280,T,SL,2,2.13,2023,4,2023,3,09,30
2023-10-31,null,52951729,FY 2023,null,null,null,1,1,1,10,S,SL,1,1,2024,1,2023,4,10,31
2023-10-31,52951729,52951736,October,318500079859.09,406374243972.26,87874164113.17,1,2,2,20,D,MTH,2,1.1,2024,1,2023,4,10,31
2023-10-31,52951729,52951738,November,252110808982.40,500645689634.98,248534880652.58,1,3,3,30,D,MTH,2,1.2,2024,1,2023,4,10,31
2023-10-31,52951729,52951740,December,454942371659.52,539943108237.40,85000736577.88,1,4,4,40,D,MTH,2,1.3,2024,1,2023,4,10,31
2023-10-31,52951729,52951743,January,447288317962.29,486072090101.51,38783772139.22,1,5,5,50,D,MTH,2,1.4,2024,1,2023,4,10,31
2023-10-31,52951729,52951745,February,262113909495.88,524547752690.11,262433843194.23,1,6,6,60,D,MTH,2,1.5,2024,1,2023,4,10,31
2023-10-31,52951729,52951747,March,313240364412.41,691675379586.27,378435015173.86,1,7,7,70,D,MTH,2,1.6,2024,1,2023,4,10,31
2023-10-31,52951729,52951749,April,638520361158.51,462339570809.39,-176180790349.12,1,8,8,80,D,MTH,2,1.7,2024,1,2023,4,10,31
2023-10-31,52951729,52951751,May,307486880350.41,547835120008.78,240348239658.37,1,9,9,90,D,MTH,2,1.8,2024,1,2023,4,10,31
2023-10-31,52951729,52951753,June,418316902368.96,646085314907.01,227768412538.05,1,10,10,100,D,MTH,2,1.9,2024,1,2023,4,10,31
2023-10-31,52951729,52951755,July,276160854143.85,496942951497.45,220782097353.60,1,11,11,110,D,MTH,2,1.10,2024,1,2023,4,10,31
2023-10-31,52951729,52951757,August,283130206157.26,193874633463.53,-89255572693.73,1,12,12,120,D,MTH,2,1.11,2024,1,2023,4,10,31
2023-10-31,52951729,52951759,September,467473794202.84,638188883021.14,170715088818.30,1,13,13,130,D,MTH,2,1.12,2024,1,2023,4,10,31
2023-10-31,52951729,52951762,Year-to-Date,4439284850753.42,6134524737929.83,1695239887176.41,1,14,14,140,T,SL,2,1.13,2024,1,2023,4,10,31
2023-10-31,null,52951765,FY 2024,null,null,null,1,15,15,150,S,SL,1,2,2024,1,2023,4,10,31
2023-10-31,52951765,52951767,October,403433540919.80,469997092049.53,66563551129.73,1,16,16,160,D,MTH,2,2.1,2024,1,2023,4,10,31
2023-10-31,52951765,52951768,Year-to-Date,403433540919.80,469997092049.53,66563551129.73,1,17,17,280,T,SL,2,2.2,2024,1,2023,4,10,31
2023-11-30,null,53063498,FY 2023,null,null,null,1,1,1,10,S,SL,1,1,2024,1,2023,4,11,30
2023-11-30,53063498,53063514,October,318500079859.09,406374243972.26,87874164113.17,1,2,2,20,D,MTH,2,1.1,2024,1,2023,4,11,30
2023-11-30,53063498,53063518,November,252110808982.40,500645689634.98,248534880652.58,1,3,3,30,D,MTH,2,1.2,2024,1,2023,4,11,30
2023-11-30,53063498,53063522,December,454942371659.52,539943108237.40,85000736577.88,1,4,4,40,D,MTH,2,1.3,2024,1,2023,4,11,30
2023-11-30,53063498,53063525,January,447288317962.29,486072090101.51,38783772139.22,1,5,5,50,D,MTH,2,1.4,2024,1,2023,4,11,30
2023-11-30,53063498,53063529,February,262113909495.88,524547752690.11,262433843194.23,1,6,6,60,D,MTH,2,1.5,2024,1,2023,4,11,30
2023-11-30,53063498,53063532,March,313240364412.41,691675379586.27,378435015173.86,1,7,7,70,D,MTH,2,1.6,2024,1,2023,4,11,30
2023-11-30,53063498,53063536,April,638520361158.51,462339570809.39,-176180790349.12,1,8,8,80,D,MTH,2,1.7,2024,1,2023,4,11,30
2023-11-30,53063498,53063539,May,307486880350.41,547835120008.78,240348239658.37,1,9,9,90,D,MTH,2,1.8,2024,1,2023,4,11,30
2023-11-30,53063498,53063543,June,418316902368.96,646085314907.01,227768412538.05,1,10,10,100,D,MTH,2,1.9,2024,1,2023,4,11,30
2023-11-30,53063498,53063546,July,276160854143.85,496942951497.45,220782097353.60,1,11,11,110,D,MTH,2,1.10,2024,1,2023,4,11,30
2023-11-30,53063498,53063551,August,283130206157.26,193874633463.53,-89255572693.73,1,12,12,120,D,MTH,2,1.11,2024,1,2023,4,11,30
2023-11-30,53063498,53063554,September,467473794202.84,638188883021.14,170715088818.30,1,13,13,130,D,MTH,2,1.12,2024,1,2023,4,11,30
2023-11-30,53063498,53063561,Year-to-Date,4439284850753.42,6134524737929.83,1695239887176.41,1,14,14,140,T,SL,2,1.13,2024,1,2023,4,11,30
2023-11-30,null,53063567,FY 2024,null,null,null,1,15,15,150,S,SL,1,2,2024,1,2023,4,11,30
2023-11-30,53063567,53063574,October,403433540919.80,469997092049.53,66563551129.73,1,16,16,160,D,MTH,2,2.1,2024,1,2023,4,11,30
2023-11-30,53063567,53063576,November,274830035781.15,588842038068.24,314012002287.09,1,17,17,170,D,MTH,2,2.2,2024,1,2023,4,11,30
2023-11-30,53063567,53063578,Year-to-Date,678263576700.95,1058839130117.77,380575553416.82,1,18,18,280,T,SL,2,2.3,2024,1,2023,4,11,30
2023-12-31,null,53158519,FY 2023,null,null,null,1,1,1,10,S,SL,1,1,2024,1,2023,4,12,31
2023-12-31,53158519,53158540,October,318500079859.09,406374243972.26,87874164113.17,1,2,2,20,D,MTH,2,1.1,2024,1,2023,4,12,31
2023-12-31,53158519,53158543,November,252110808982.40,500645689634.98,248534880652.58,1,3,3,30,D,MTH,2,1.2,2024,1,2023,4,12,31
2023-12-31,53158519,53158547,December,454942371659.52,539943108237.40,85000736577.88,1,4,4,40,D,MTH,2,1.3,2024,1,2023,4,12,31
2023-12-31,53158519,53158549,January,447288317962.29,486072090101.51,38783772139.22,1,5,5,50,D,MTH,2,1.4,2024,1,2023,4,12,31
2023-12-31,53158519,53158551,February,262113909495.88,524547752690.11,262433843194.23,1,6,6,60,D,MTH,2,1.5,2024,1,2023,4,12,31
2023-12-31,53158519,53158553,March,313240364412.41,691675379586.27,378435015173.86,1,7,7,70,D,MTH,2,1.6,2024,1,2023,4,12,31
2023-12-31,53158519,53158555,April,638520361158.51,462339570809.39,-176180790349.12,1,8,8,80,D,MTH,2,1.7,2024,1,2023,4,12,31
2023-12-31,53158519,53158558,May,307486880350.41,547835120008.78,240348239658.37,1,9,9,90,D,MTH,2,1.8,2024,1,2023,4,12,31
2023-12-31,53158519,53158598,June,418316902368.96,646085314907.01,227768412538.05,1,10,10,100,D,MTH,2,1.9,2024,1,2023,4,12,31
2023-12-31,53158519,53158602,July,276160854143.85,496942951497.45,220782097353.60,1,11,11,110,D,MTH,2,1.10,2024,1,2023,4,12,31
2023-12-31,53158519,53158604,August,283130206157.26,193874633463.53,-89255572693.73,1,12,12,120,D,MTH,2,1.11,2024,1,2023,4,12,31
2023-12-31,53158519,53158605,September,467473884607.69,638188883021.14,170714998413.45,1,13,13,130,D,MTH,2,1.12,2024,1,2023,4,12,31
2023-12-31,53158519,53158607,Year-to-Date,4439284941158.27,6134524737929.83,1695239796771.56,1,14,14,140,T,SL,2,1.13,2024,1,2023,4,12,31
2023-12-31,null,53158609,FY 2024,null,null,null,1,15,15,150,S,SL,1,2,2024,1,2023,4,12,31
2023-12-31,53158609,53158612,October,403433540919.80,469997092049.53,66563551129.73,1,16,16,160,D,MTH,2,2.1,2024,1,2023,4,12,31
2023-12-31,53158609,53158613,November,274830035781.15,588842038068.24,314012002287.09,1,17,17,170,D,MTH,2,2.2,2024,1,2023,4,12,31
2023-12-31,53158609,53158615,December,429310654566.08,558676069485.87,129365414919.79,1,18,18,180,D,MTH,2,2.3,2024,1,2023,4,12,31
2023-12-31,53158609,53158617,Year-to-Date,1107574231267.03,1617515199603.64,509940968336.61,1,19,19,280,T,SL,2,2.4,2024,1,2023,4,12,31
2024-01-31,null,53293822,FY 2023,null,null,null,1,1,1,10,S,SL,1,1,2024,2,2024,1,01,31
2024-01-31,53293822,53293825,October,318500079859.09,406374243972.26,87874164113.17,1,2,2,20,D,MTH,2,1.1,2024,2,2024,1,01,31
2024-01-31,53293822,53293826,November,252110808982.40,500645689634.98,248534880652.58,1,3,3,30,D,MTH,2,1.2,2024,2,2024,1,01,31
2024-01-31,53293822,53293827,December,454942371659.52,539943108237.40,85000736577.88,1,4,4,40,D,MTH,2,1.3,2024,2,2024,1,01,31
2024-01-31,53293822,53293829,January,447288317962.29,486072090101.51,38783772139.22,1,5,5,50,D,MTH,2,1.4,2024,2,2024,1,01,31
2024-01-31,53293822,53293830,February,262113909495.88,524547752690.11,262433843194.23,1,6,6,60,D,MTH,2,1.5,2024,2,2024,1,01,31
2024-01-31,53293822,53293838,March,313240364412.41,691675379586.27,378435015173.86,1,7,7,70,D,MTH,2,1.6,2024,2,2024,1,01,31
2024-01-31,53293822,53293861,April,638520361158.51,462339570809.39,-176180790349.12,1,8,8,80,D,MTH,2,1.7,2024,2,2024,1,01,31
2024-01-31,53293822,53293866,May,307486880350.41,547835120008.78,240348239658.37,1,9,9,90,D,MTH,2,1.8,2024,2,2024,1,01,31
2024-01-31,53293822,53293871,June,418316902368.96,646085314907.01,227768412538.05,1,10,10,100,D,MTH,2,1.9,2024,2,2024,1,01,31
2024-01-31,53293822,53293874,July,276160854143.85,496942951497.45,220782097353.60,1,11,11,110,D,MTH,2,1.10,2024,2,2024,1,01,31
2024-01-31,53293822,53293877,August,283130206157.26,193874633463.53,-89255572693.73,1,12,12,120,D,MTH,2,1.11,2024,2,2024,1,01,31
2024-01-31,53293822,53293883,September,467473884607.69,638188822268.25,170714937660.56,1,13,13,130,D,MTH,2,1.12,2024,2,2024,1,01,31
2024-01-31,53293822,53293900,Year-to-Date,4439284941158.27,6134524677176.94,1695239736018.67,1,14,14,140,T,SL,2,1.13,2024,2,2024,1,01,31
2024-01-31,null,53293908,FY 2024,null,null,null,1,15,15,150,S,SL,1,2,2024,2,2024,1,01,31
2024-01-31,53293908,53293917,October,403433540919.80,469997092049.53,66563551129.73,1,16,16,160,D,MTH,2,2.1,2024,2,2024,1,01,31
2024-01-31,53293908,53293922,November,274830035781.15,588842038068.24,314012002287.09,1,17,17,170,D,MTH,2,2.2,2024,2,2024,1,01,31
2024-01-31,53293908,53293928,December,429310654566.08,558664769130.32,129354114564.24,1,18,18,180,D,MTH,2,2.3,2024,2,2024,1,01,31
2024-01-31,53293908,53293932,January,477319655457.16,499250011788.18,21930356331.02,1,19,19,190,D,MTH,2,2.4,2024,2,2024,1,01,31
2024-01-31,53293908,53293936,Year-to-Date,1584893886724.19,2116753911036.27,531860024312.08,1,20,20,280,T,SL,2,2.5,2024,2,2024,1,01,31
2024-02-29,null,53471563,FY 2023,null,null,null,1,1,1,10,S,SL,1,1,2024,2,2024,1,02,29
2024-02-29,53471563,53471578,October,318500079859.09,406374243972.26,87874164113.17,1,2,2,20,D,MTH,2,1.1,2024,2,2024,1,02,29
2024-02-29,53471563,53471580,November,252110808982.40,500645689634.98,248534880652.58,1,3,3,30,D,MTH,2,1.2,2024,2,2024,1,02,29
2024-02-29,53471563,53471583,December,454942371659.52,539943108237.40,85000736577.88,1,4,4,40,D,MTH,2,1.3,2024,2,2024,1,02,29
2024-02-29,53471563,53471585,January,447288317962.29,486072090101.51,38783772139.22,1,5,5,50,D,MTH,2,1.4,2024,2,2024,1,02,29
2024-02-29,53471563,53471587,February,262113909495.88,524547752690.11,262433843194.23,1,6,6,60,D,MTH,2,1.5,2024,2,2024,1,02,29
2024-02-29,53471563,53471590,March,313240364412.41,691675379586.27,378435015173.86,1,7,7,70,D,MTH,2,1.6,2024,2,2024,1,02,29
2024-02-29,53471563,53471593,April,638520361158.51,462339570809.39,-176180790349.12,1,8,8,80,D,MTH,2,1.7,2024,2,2024,1,02,29
2024-02-29,53471563,53471596,May,307486880350.41,547835120008.78,240348239658.37,1,9,9,90,D,MTH,2,1.8,2024,2,2024,1,02,29
2024-02-29,53471563,53471598,June,418316902368.96,646085314907.01,227768412538.05,1,10,10,100,D,MTH,2,1.9,2024,2,2024,1,02,29
2024-02-29,53471563,53471601,July,276160854143.85,496942951497.45,220782097353.60,1,11,11,110,D,MTH,2,1.10,2024,2,2024,1,02,29
2024-02-29,53471563,53471606,August,283130206157.26,193874633463.53,-89255572693.73,1,12,12,120,D,MTH,2,1.11,2024,2,2024,1,02,29
2024-02-29,53471563,53471612,September,467473884607.69,638188822268.25,170714937660.56,1,13,13,130,D,MTH,2,1.12,2024,2,2024,1,02,29
2024-02-29,53471563,53471618,Year-to-Date,4439284941158.27,6134524677176.94,1695239736018.67,1,14,14,140,T,SL,2,1.13,2024,2,2024,1,02,29
2024-02-29,null,53471625,FY 2024,null,null,null,1,15,15,150,S,SL,1,2,2024,2,2024,1,02,29
2024-02-29,53471625,53471632,October,403433540919.80,469997092049.53,66563551129.73,1,16,16,160,D,MTH,2,2.1,2024,2,2024,1,02,29
2024-02-29,53471625,53471635,November,274830035781.15,588842038068.24,314012002287.09,1,17,17,170,D,MTH,2,2.2,2024,2,2024,1,02,29
2024-02-29,53471625,53471638,December,429310654566.08,558664769130.32,129354114564.24,1,18,18,180,D,MTH,2,2.3,2024,2,2024,1,02,29
2024-02-29,53471625,53471642,January,477319655457.16,499250008026.88,21930352569.72,1,19,19,190,D,MTH,2,2.4,2024,2,2024,1,02,29
2024-02-29,53471625,53471647,February,271126068759.09,567400716838.98,296274648079.89,1,20,20,200,D,MTH,2,2.5,2024,2,2024,1,02,29
2024-02-29,53471625,53471652,Year-to-Date,1856019955483.28,2684154624113.95,828134668630.67,1,21,21,280,T,SL,2,2.6,2024,2,2024,1,02,29
2024-03-31,53651922,53651924,November,252110808982.40,500645689634.98,248534880652.58,1,3,3,30,D,MTH,2,1.2,2024,2,2024,1,03,31
2024-03-31,53651922,53651925,December,454942371659.52,539943108237.40,85000736577.88,1,4,4,40,D,MTH,2,1.3,2024,2,2024,1,03,31
2024-03-31,53651922,53651926,January,447288317962.29,486072090101.51,38783772139.22,1,5,5,50,D,MTH,2,1.4,2024,2,2024,1,03,31
2024-03-31,53651922,53651928,February,262113909495.88,524547752690.11,262433843194.23,1,6,6,60,D,MTH,2,1.5,2024,2,2024,1,03,31
2024-03-31,53651922,53651932,March,313240364412.41,691675379586.27,378435015173.86,1,7,7,70,D,MTH,2,1.6,2024,2,2024,1,03,31
2024-03-31,null,53651949,FY 2024,null,null,null,1,15,15,150,S,SL,1,2,2024,2,2024,1,03,31
2024-03-31,null,53651922,FY 2023,null,null,null,1,1,1,10,S,SL,1,1,2024,2,2024,1,03,31
2024-03-31,53651922,53651923,October,318500079859.09,406374243972.26,87874164113.17,1,2,2,20,D,MTH,2,1.1,2024,2,2024,1,03,31
2024-03-31,53651922,53651946,September,467473884607.69,638188822268.25,170714937660.56,1,13,13,130,D,MTH,2,1.12,2024,2,2024,1,03,31
2024-03-31,53651922,53651947,Year-to-Date,4439284941158.27,6134524677176.94,1695239736018.67,1,14,14,140,T,SL,2,1.13,2024,2,2024,1,03,31
2024-03-31,53651949,53651955,October,403433540919.80,469997092049.53,66563551129.73,1,16,16,160,D,MTH,2,2.1,2024,2,2024,1,03,31
2024-03-31,53651949,53651958,November,274830035781.15,588842038068.24,314012002287.09,1,17,17,170,D,MTH,2,2.2,2024,2,2024,1,03,31
2024-03-31,53651949,53651961,December,429310654566.08,558664769130.32,129354114564.24,1,18,18,180,D,MTH,2,2.3,2024,2,2024,1,03,31
2024-03-31,53651949,53651965,January,477319655457.16,499250008026.88,21930352569.72,1,19,19,190,D,MTH,2,2.4,2024,2,2024,1,03,31
2024-03-31,53651949,53651968,February,271126068759.09,567400720600.28,296274651841.19,1,20,20,200,D,MTH,2,2.5,2024,2,2024,1,03,31
2024-03-31,53651949,53651969,March,332091009148.01,568547833098.21,236456823950.20,1,21,21,210,D,MTH,2,2.6,2024,2,2024,1,03,31
2024-03-31,53651949,53651973,Year-to-Date,2188110964631.29,3252702460973.46,1064591496342.17,1,22,22,280,T,SL,2,2.7,2024,2,2024,1,03,31
2024-03-31,53651922,53651939,April,638520361158.51,462339570809.39,-176180790349.12,1,8,8,80,D,MTH,2,1.7,2024,2,2024,1,03,31
2024-03-31,53651922,53651942,May,307486880350.41,547835120008.78,240348239658.37,1,9,9,90,D,MTH,2,1.8,2024,2,2024,1,03,31
2024-03-31,53651922,53651943,June,418316902368.96,646085314907.01,227768412538.05,1,10,10,100,D,MTH,2,1.9,2024,2,2024,1,03,31
2024-03-31,53651922,53651944,July,276160854143.85,496942951497.45,220782097353.60,1,11,11,110,D,MTH,2,1.10,2024,2,2024,1,03,31
2024-03-31,53651922,53651945,August,283130206157.26,193874633463.53,-89255572693.73,1,12,12,120,D,MTH,2,1.11,2024,2,2024,1,03,31
2024-04-30,53825726,53825730,October,318500079859.09,406374243972.26,87874164113.17,1,2,2,20,D,MTH,2,1.1,2024,3,2024,2,04,30
2024-04-30,53825726,53825732,November,252110808982.40,500645689634.98,248534880652.58,1,3,3,30,D,MTH,2,1.2,2024,3,2024,2,04,30
2024-04-30,53825726,53825734,December,454942371659.52,539943108237.40,85000736577.88,1,4,4,40,D,MTH,2,1.3,2024,3,2024,2,04,30
2024-04-30,53825726,53825737,January,447288317962.29,486072090101.51,38783772139.22,1,5,5,50,D,MTH,2,1.4,2024,3,2024,2,04,30
2024-04-30,53825726,53825753,February,262113909495.88,524547752690.11,262433843194.23,1,6,6,60,D,MTH,2,1.5,2024,3,2024,2,04,30
2024-04-30,53825726,53825758,March,313240364412.41,691675379586.27,378435015173.86,1,7,7,70,D,MTH,2,1.6,2024,3,2024,2,04,30
2024-04-30,53825726,53825760,April,638520361158.51,462339570809.39,-176180790349.12,1,8,8,80,D,MTH,2,1.7,2024,3,2024,2,04,30
2024-04-30,null,53825726,FY 2023,null,null,null,1,1,1,10,S,SL,1,1,2024,3,2024,2,04,30
2024-04-30,53825788,53825801,November,274830035781.15,588842038068.24,314012002287.09,1,17,17,170,D,MTH,2,2.2,2024,3,2024,2,04,30
2024-04-30,53825788,53825805,December,429310654566.08,558664769130.32,129354114564.24,1,18,18,180,D,MTH,2,2.3,2024,3,2024,2,04,30
2024-04-30,53825788,53825810,January,477319655457.16,499250008026.88,21930352569.72,1,19,19,190,D,MTH,2,2.4,2024,3,2024,2,04,30
2024-04-30,53825788,53825814,February,271126068759.09,567400720600.28,296274651841.19,1,20,20,200,D,MTH,2,2.5,2024,3,2024,2,04,30
2024-04-30,53825788,53825826,March,332078814395.98,568634767671.20,236555953275.22,1,21,21,210,D,MTH,2,2.6,2024,3,2024,2,04,30
2024-04-30,53825788,53825829,April,776198093176.94,566668786551.61,-209529306625.33,1,22,22,220,D,MTH,2,2.7,2024,3,2024,2,04,30
2024-04-30,53825788,53825831,Year-to-Date,2964296863056.20,3819458182098.06,855161319041.86,1,23,23,280,T,SL,2,2.8,2024,3,2024,2,04,30
2024-04-30,null,53825788,FY 2024,null,null,null,1,15,15,150,S,SL,1,2,2024,3,2024,2,04,30
2024-04-30,53825788,53825798,October,403433540919.80,469997092049.53,66563551129.73,1,16,16,160,D,MTH,2,2.1,2024,3,2024,2,04,30
2024-04-30,53825726,53825777,September,467473884607.69,638188822268.25,170714937660.56,1,13,13,130,D,MTH,2,1.12,2024,3,2024,2,04,30
2024-04-30,53825726,53825779,Year-to-Date,4439284941158.27,6134524677176.94,1695239736018.67,1,14,14,140,T,SL,2,1.13,2024,3,2024,2,04,30
2024-04-30,53825726,53825763,May,307486880350.41,547835120008.78,240348239658.37,1,9,9,90,D,MTH,2,1.8,2024,3,2024,2,04,30
2024-04-30,53825726,53825769,June,418316902368.96,646085314907.01,227768412538.05,1,10,10,100,D,MTH,2,1.9,2024,3,2024,2,04,30
2024-04-30,53825726,53825770,July,276160854143.85,496942951497.45,220782097353.60,1,11,11,110,D,MTH,2,1.10,2024,3,2024,2,04,30
2024-04-30,53825726,53825771,August,283130206157.26,193874633463.53,-89255572693.73,1,12,12,120,D,MTH,2,1.11,2024,3,2024,2,04,30
2024-05-31,null,54021696,FY 2023,null,null,null,1,1,1,10,S,SL,1,1,2024,3,2024,2,05,31
2024-05-31,54021696,54021713,October,318500079859.09,406374243972.26,87874164113.17,1,2,2,20,D,MTH,2,1.1,2024,3,2024,2,05,31
2024-05-31,54021696,54021716,November,252110808982.40,500645689634.98,248534880652.58,1,3,3,30,D,MTH,2,1.2,2024,3,2024,2,05,31
2024-05-31,54021696,54021722,December,454942371659.52,539943108237.40,85000736577.88,1,4,4,40,D,MTH,2,1.3,2024,3,2024,2,05,31
2024-05-31,54021696,54021724,January,447288317962.29,486072090101.51,38783772139.22,1,5,5,50,D,MTH,2,1.4,2024,3,2024,2,05,31
2024-05-31,54021696,54021726,February,262113909495.88,524547752690.11,262433843194.23,1,6,6,60,D,MTH,2,1.5,2024,3,2024,2,05,31
2024-05-31,54021696,54021727,March,313240364412.41,691675379586.27,378435015173.86,1,7,7,70,D,MTH,2,1.6,2024,3,2024,2,05,31
2024-05-31,54021696,54021728,April,638520361158.51,462339570809.39,-176180790349.12,1,8,8,80,D,MTH,2,1.7,2024,3,2024,2,05,31
2024-05-31,54021696,54021729,May,307486880350.41,547835120008.78,240348239658.37,1,9,9,90,D,MTH,2,1.8,2024,3,2024,2,05,31
2024-05-31,54021696,54021730,June,418316902368.96,646085314907.01,227768412538.05,1,10,10,100,D,MTH,2,1.9,2024,3,2024,2,05,31
2024-05-31,54021696,54021731,July,276160854143.85,496942951497.45,220782097353.60,1,11,11,110,D,MTH,2,1.10,2024,3,2024,2,05,31
2024-05-31,54021735,54021772,Year-to-Date,3287943850034.60,4490236062768.11,1202292212733.51,1,24,24,280,T,SL,2,2.9,2024,3,2024,2,05,31
2024-05-31,54021735,54021751,December,429310654566.08,558664769130.32,129354114564.24,1,18,18,180,D,MTH,2,2.3,2024,3,2024,2,05,31
2024-05-31,54021735,54021755,January,477319655457.16,499250008026.88,21930352569.72,1,19,19,190,D,MTH,2,2.4,2024,3,2024,2,05,31
2024-05-31,54021735,54021760,February,271126068759.09,567400720600.28,296274651841.19,1,20,20,200,D,MTH,2,2.5,2024,3,2024,2,05,31
2024-05-31,54021735,54021762,March,332078814395.98,568634767671.20,236555953275.22,1,21,21,210,D,MTH,2,2.6,2024,3,2024,2,05,31
2024-05-31,54021735,54021765,April,776198093176.94,566668786551.61,-209529306625.33,1,22,22,220,D,MTH,2,2.7,2024,3,2024,2,05,31
2024-05-31,54021735,54021769,May,323646986978.40,670777880670.05,347130893691.65,1,23,23,230,D,MTH,2,2.8,2024,3,2024,2,05,31
2024-05-31,54021696,54021734,Year-to-Date,4439285983839.27,6134525719857.94,1695239736018.67,1,14,14,140,T,SL,2,1.13,2024,3,2024,2,05,31
2024-05-31,null,54021735,FY 2024,null,null,null,1,15,15,150,S,SL,1,2,2024,3,2024,2,05,31
2024-05-31,54021735,54021745,October,403433540919.80,469997092049.53,66563551129.73,1,16,16,160,D,MTH,2,2.1,2024,3,2024,2,05,31
2024-05-31,54021735,54021748,November,274830035781.15,588842038068.24,314012002287.09,1,17,17,170,D,MTH,2,2.2,2024,3,2024,2,05,31
2024-05-31,54021696,54021732,August,283130206157.26,193874633463.53,-89255572693.73,1,12,12,120,D,MTH,2,1.11,2024,3,2024,2,05,31
2024-05-31,54021696,54021733,September,467474927288.69,638189864949.25,170714937660.56,1,13,13,130,D,MTH,2,1.12,2024,3,2024,2,05,31
2024-06-30,54224657,54224701,April,638520361158.51,462339570809.39,-176180790349.12,1,8,8,80,D,MTH,2,1.7,2024,3,2024,2,06,30
2024-06-30,54224657,54224703,May,307486880350.41,547835120008.78,240348239658.37,1,9,9,90,D,MTH,2,1.8,2024,3,2024,2,06,30
2024-06-30,54224657,54224708,June,418316902368.96,646085314907.01,227768412538.05,1,10,10,100,D,MTH,2,1.9,2024,3,2024,2,06,30
2024-06-30,54224657,54224713,July,276160854143.85,496942951497.45,220782097353.60,1,11,11,110,D,MTH,2,1.10,2024,3,2024,2,06,30
2024-06-30,54224657,54224718,August,283130206157.26,193874633463.53,-89255572693.73,1,12,12,120,D,MTH,2,1.11,2024,3,2024,2,06,30
2024-06-30,54224657,54224721,September,467474927288.69,638189864949.25,170714937660.56,1,13,13,130,D,MTH,2,1.12,2024,3,2024,2,06,30
2024-06-30,null,54224657,FY 2023,null,null,null,1,1,1,10,S,SL,1,1,2024,3,2024,2,06,30
2024-06-30,54224657,54224676,October,318500079859.09,406374243972.26,87874164113.17,1,2,2,20,D,MTH,2,1.1,2024,3,2024,2,06,30
2024-06-30,54224657,54224680,November,252110808982.40,500645689634.98,248534880652.58,1,3,3,30,D,MTH,2,1.2,2024,3,2024,2,06,30
2024-06-30,54224657,54224683,December,454942371659.52,539943108237.40,85000736577.88,1,4,4,40,D,MTH,2,1.3,2024,3,2024,2,06,30
2024-06-30,54224657,54224686,January,447288317962.29,486072090101.51,38783772139.22,1,5,5,50,D,MTH,2,1.4,2024,3,2024,2,06,30
2024-06-30,54224657,54224687,February,262113909495.88,524547752690.11,262433843194.23,1,6,6,60,D,MTH,2,1.5,2024,3,2024,2,06,30
2024-06-30,54224657,54224696,March,313240364412.41,691675379586.27,378435015173.86,1,7,7,70,D,MTH,2,1.6,2024,3,2024,2,06,30
2024-06-30,54224657,54224726,Year-to-Date,4439285983839.27,6134525719857.94,1695239736018.67,1,14,14,140,T,SL,2,1.13,2024,3,2024,2,06,30
2024-06-30,null,54224735,FY 2024,null,null,null,1,15,15,150,S,SL,1,2,2024,3,2024,2,06,30
2024-06-30,54224735,54224739,October,403433540919.80,469997092049.53,66563551129.73,1,16,16,160,D,MTH,2,2.1,2024,3,2024,2,06,30
2024-06-30,54224735,54224740,November,274830035781.15,588842038068.24,314012002287.09,1,17,17,170,D,MTH,2,2.2,2024,3,2024,2,06,30
2024-06-30,54224735,54224741,December,429310654566.08,558664769130.32,129354114564.24,1,18,18,180,D,MTH,2,2.3,2024,3,2024,2,06,30
2024-06-30,54224735,54224742,January,477319655457.16,499250008026.88,21930352569.72,1,19,19,190,D,MTH,2,2.4,2024,3,2024,2,06,30
2024-06-30,54224735,54224743,February,271126068759.09,567400720600.28,296274651841.19,1,20,20,200,D,MTH,2,2.5,2024,3,2024,2,06,30
2024-06-30,54224735,54224745,April,776198093176.94,566668786551.61,-209529306625.33,1,22,22,220,D,MTH,2,2.7,2024,3,2024,2,06,30
2024-06-30,54224735,54224746,May,323646986978.40,670777880670.05,347130893691.65,1,23,23,230,D,MTH,2,2.8,2024,3,2024,2,06,30
2024-06-30,54224735,54224749,June,466254918407.16,532220210883.50,65965292476.34,1,24,24,240,D,MTH,2,2.9,2024,3,2024,2,06,30
2024-06-30,54224735,54224751,Year-to-Date,3754198768441.76,5022456273651.61,1268257505209.85,1,25,25,280,T,SL,2,2.10,2024,3,2024,2,06,30
2024-06-30,54224735,54224744,March,332078814395.98,568634767671.20,236555953275.22,1,21,21,210,D,MTH,2,2.6,2024,3,2024,2,06,30
2024-07-31,54441075,54441112,April,776198093176.94,566668786551.61,-209529306625.33,1,22,22,220,D,MTH,2,2.7,2024,4,2024,3,07,31
2024-07-31,54441075,54441115,May,323646986978.40,670777880670.05,347130893691.65,1,23,23,230,D,MTH,2,2.8,2024,4,2024,3,07,31
2024-07-31,54441075,54441119,June,466254918407.16,537220210883.50,70965292476.34,1,24,24,240,D,MTH,2,2.9,2024,4,2024,3,07,31
2024-07-31,54441075,54441121,July,330377428300.09,574118515597.52,243741087297.43,1,25,25,250,D,MTH,2,2.10,2024,4,2024,3,07,31
2024-07-31,54441075,54441123,Year-to-Date,4084576196741.85,5601574789249.13,1516998592507.28,1,26,26,280,T,SL,2,2.11,2024,4,2024,3,07,31
2024-07-31,null,54441015,FY 2023,null,null,null,1,1,1,10,S,SL,1,1,2024,4,2024,3,07,31
2024-07-31,54441015,54441023,October,318500079859.09,406374243972.26,87874164113.17,1,2,2,20,D,MTH,2,1.1,2024,4,2024,3,07,31
2024-07-31,54441015,54441026,November,252110808982.40,500645689634.98,248534880652.58,1,3,3,30,D,MTH,2,1.2,2024,4,2024,3,07,31
2024-07-31,54441015,54441054,August,283130206157.26,193874633463.53,-89255572693.73,1,12,12,120,D,MTH,2,1.11,2024,4,2024,3,07,31
2024-07-31,54441015,54441056,September,467474927288.69,638189864949.25,170714937660.56,1,13,13,130,D,MTH,2,1.12,2024,4,2024,3,07,31
2024-07-31,54441015,54441074,Year-to-Date,4439285983839.27,6134525719857.94,1695239736018.67,1,14,14,140,T,SL,2,1.13,2024,4,2024,3,07,31
2024-07-31,null,54441075,FY 2024,null,null,null,1,15,15,150,S,SL,1,2,2024,4,2024,3,07,31
2024-07-31,54441075,54441077,October,403433540919.80,469997092049.53,66563551129.73,1,16,16,160,D,MTH,2,2.1,2024,4,2024,3,07,31
2024-07-31,54441075,54441078,November,274830035781.15,588842038068.24,314012002287.09,1,17,17,170,D,MTH,2,2.2,2024,4,2024,3,07,31
2024-07-31,54441075,54441079,December,429310654566.08,558664769130.32,129354114564.24,1,18,18,180,D,MTH,2,2.3,2024,4,2024,3,07,31
2024-07-31,54441075,54441080,January,477319655457.16,499250008026.88,21930352569.72,1,19,19,190,D,MTH,2,2.4,2024,4,2024,3,07,31
2024-07-31,54441075,54441096,February,271126068759.09,567400720600.28,296274651841.19,1,20,20,200,D,MTH,2,2.5,2024,4,2024,3,07,31
2024-07-31,54441075,54441108,March,332078814395.98,568634767671.20,236555953275.22,1,21,21,210,D,MTH,2,2.6,2024,4,2024,3,07,31
2024-07-31,54441015,54441029,December,454942371659.52,539943108237.40,85000736577.88,1,4,4,40,D,MTH,2,1.3,2024,4,2024,3,07,31
2024-07-31,54441015,54441032,January,447288317962.29,486072090101.51,38783772139.22,1,5,5,50,D,MTH,2,1.4,2024,4,2024,3,07,31
2024-07-31,54441015,54441035,February,262113909495.88,524547752690.11,262433843194.23,1,6,6,60,D,MTH,2,1.5,2024,4,2024,3,07,31
2024-07-31,54441015,54441040,March,313240364412.41,691675379586.27,378435015173.86,1,7,7,70,D,MTH,2,1.6,2024,4,2024,3,07,31
2024-07-31,54441015,54441043,April,638520361158.51,462339570809.39,-176180790349.12,1,8,8,80,D,MTH,2,1.7,2024,4,2024,3,07,31
2024-07-31,54441015,54441046,May,307486880350.41,547835120008.78,240348239658.37,1,9,9,90,D,MTH,2,1.8,2024,4,2024,3,07,31
2024-07-31,54441015,54441049,June,418316902368.96,646085314907.01,227768412538.05,1,10,10,100,D,MTH,2,1.9,2024,4,2024,3,07,31
2024-07-31,54441015,54441051,July,276160854143.85,496942951497.45,220782097353.60,1,11,11,110,D,MTH,2,1.10,2024,4,2024,3,07,31
2024-08-31,54727723,54727741,July,276160854143.85,496942951497.45,220782097353.60,1,11,11,110,D,MTH,2,1.10,2024,4,2024,3,08,31
2024-08-31,54727723,54727746,August,283130206157.26,193874633463.53,-89255572693.73,1,12,12,120,D,MTH,2,1.11,2024,4,2024,3,08,31
2024-08-31,54727723,54727748,September,467474927288.69,638189864949.25,170714937660.56,1,13,13,130,D,MTH,2,1.12,2024,4,2024,3,08,31
2024-08-31,54727723,54727751,Year-to-Date,4439285983839.27,6134525719857.94,1695239736018.67,1,14,14,140,T,SL,2,1.13,2024,4,2024,3,08,31
2024-08-31,null,54727759,FY 2024,null,null,null,1,15,15,150,S,SL,1,2,2024,4,2024,3,08,31
2024-08-31,54727759,54727765,October,403433540919.80,469997092049.53,66563551129.73,1,16,16,160,D,MTH,2,2.1,2024,4,2024,3,08,31
2024-08-31,54727759,54727769,November,274830035781.15,588842038068.24,314012002287.09,1,17,17,170,D,MTH,2,2.2,2024,4,2024,3,08,31
2024-08-31,54727723,54727731,February,262113909495.88,524547752690.11,262433843194.23,1,6,6,60,D,MTH,2,1.5,2024,4,2024,3,08,31
2024-08-31,54727723,54727732,March,313240364412.41,691675379586.27,378435015173.86,1,7,7,70,D,MTH,2,1.6,2024,4,2024,3,08,31
2024-08-31,54727723,54727733,April,638520361158.51,462339570809.39,-176180790349.12,1,8,8,80,D,MTH,2,1.7,2024,4,2024,3,08,31
2024-08-31,54727723,54727734,May,307486880350.41,547835120008.78,240348239658.37,1,9,9,90,D,MTH,2,1.8,2024,4,2024,3,08,31
2024-08-31,54727723,54727738,June,418316902368.96,646085314907.01,227768412538.05,1,10,10,100,D,MTH,2,1.9,2024,4,2024,3,08,31
2024-08-31,54727723,54727729,December,454942371659.52,539943108237.40,85000736577.88,1,4,4,40,D,MTH,2,1.3,2024,4,2024,3,08,31
2024-08-31,null,54727723,FY 2023,null,null,null,1,1,1,10,S,SL,1,1,2024,4,2024,3,08,31
2024-08-31,54727723,54727726,October,318500079859.09,406374243972.26,87874164113.17,1,2,2,20,D,MTH,2,1.1,2024,4,2024,3,08,31
2024-08-31,54727723,54727728,November,252110808982.40,500645689634.98,248534880652.58,1,3,3,30,D,MTH,2,1.2,2024,4,2024,3,08,31
2024-08-31,54727759,54727792,May,323646986978.40,670777880670.05,347130893691.65,1,23,23,230,D,MTH,2,2.8,2024,4,2024,3,08,31
2024-08-31,54727759,54727796,June,466254918407.16,537220210883.50,70965292476.34,1,24,24,240,D,MTH,2,2.9,2024,4,2024,3,08,31
2024-08-31,54727759,54727801,July,330377428300.09,574118515597.52,243741087297.43,1,25,25,250,D,MTH,2,2.10,2024,4,2024,3,08,31
2024-08-31,54727759,54727805,August,306539737019.32,686620142453.82,380080405434.50,1,26,26,260,D,MTH,2,2.11,2024,4,2024,3,08,31
2024-08-31,54727759,54727809,Year-to-Date,4391115933761.17,6288194931702.95,1897078997941.78,1,27,27,280,T,SL,2,2.12,2024,4,2024,3,08,31
2024-08-31,54727723,54727730,January,447288317962.29,486072090101.51,38783772139.22,1,5,5,50,D,MTH,2,1.4,2024,4,2024,3,08,31
2024-08-31,54727759,54727772,December,429310654566.08,558664769130.32,129354114564.24,1,18,18,180,D,MTH,2,2.3,2024,4,2024,3,08,31
2024-08-31,54727759,54727776,January,477319655457.16,499250008026.88,21930352569.72,1,19,19,190,D,MTH,2,2.4,2024,4,2024,3,08,31
2024-08-31,54727759,54727780,February,271126068759.09,567400720600.28,296274651841.19,1,20,20,200,D,MTH,2,2.5,2024,4,2024,3,08,31
2024-08-31,54727759,54727783,March,332078814395.98,568634767671.20,236555953275.22,1,21,21,210,D,MTH,2,2.6,2024,4,2024,3,08,31
2024-08-31,54727759,54727788,April,776198093176.94,566668786551.61,-209529306625.33,1,22,22,220,D,MTH,2,2.7,2024,4,2024,3,08,31
2024-09-30,54962170,54962173,December,454942371659.52,539943108237.40,85000736577.88,1,4,4,40,D,MTH,2,1.3,2024,4,2024,3,09,30
2024-09-30,null,54962170,FY 2023,null,null,null,1,1,1,10,S,SL,1,1,2024,4,2024,3,09,30
2024-09-30,54962170,54962171,October,318500079859.09,406374243972.26,87874164113.17,1,2,2,20,D,MTH,2,1.1,2024,4,2024,3,09,30
2024-09-30,54962170,54962172,November,252110808982.40,500645689634.98,248534880652.58,1,3,3,30,D,MTH,2,1.2,2024,4,2024,3,09,30
2024-09-30,54962170,54962183,August,283130206157.26,193874633463.53,-89255572693.73,1,12,12,120,D,MTH,2,1.11,2024,4,2024,3,09,30
2024-09-30,54962170,54962198,September,467474927288.69,638189864949.25,170714937660.56,1,13,13,130,D,MTH,2,1.12,2024,4,2024,3,09,30
2024-09-30,54962170,54962201,Year-to-Date,4439285983839.27,6134525719857.94,1695239736018.67,1,14,14,140,T,SL,2,1.13,2024,4,2024,3,09,30
2024-09-30,null,54962205,FY 2024,null,null,null,1,15,15,150,S,SL,1,2,2024,4,2024,3,09,30
2024-09-30,54962205,54962209,October,403433540919.80,469997092049.53,66563551129.73,1,16,16,160,D,MTH,2,2.1,2024,4,2024,3,09,30
2024-09-30,54962205,54962212,November,274830035781.15,588842038068.24,314012002287.09,1,17,17,170,D,MTH,2,2.2,2024,4,2024,3,09,30
2024-09-30,54962205,54962215,December,429310654566.08,558664769130.32,129354114564.24,1,18,18,180,D,MTH,2,2.3,2024,4,2024,3,09,30
2024-09-30,54962205,54962216,January,477319655457.16,499250008026.88,21930352569.72,1,19,19,190,D,MTH,2,2.4,2024,4,2024,3,09,30
2024-09-30,54962205,54962218,February,271126068759.09,567400720600.28,296274651841.19,1,20,20,200,D,MTH,2,2.5,2024,4,2024,3,09,30
2024-09-30,54962205,54962221,March,332078814395.98,568634767671.20,236555953275.22,1,21,21,210,D,MTH,2,2.6,2024,4,2024,3,09,30
2024-09-30,54962205,54962223,April,776198093176.94,566668786551.61,-209529306625.33,1,22,22,220,D,MTH,2,2.7,2024,4,2024,3,09,30
2024-09-30,54962205,54962227,May,323646986978.40,670777880670.05,347130893691.65,1,23,23,230,D,MTH,2,2.8,2024,4,2024,3,09,30
2024-09-30,54962205,54962282,June,466254918407.16,537220210883.50,70965292476.34,1,24,24,240,D,MTH,2,2.9,2024,4,2024,3,09,30
2024-09-30,54962205,54962286,July,330377428300.09,574118515597.52,243741087297.43,1,25,25,250,D,MTH,2,2.10,2024,4,2024,3,09,30
2024-09-30,54962205,54962289,August,306539737019.32,686620142453.82,380080405434.50,1,26,26,260,D,MTH,2,2.11,2024,4,2024,3,09,30
2024-09-30,54962205,54962292,September,527619710977.08,463356702109.34,-64263008867.74,1,27,27,270,D,MTH,2,2.12,2024,4,2024,3,09,30
2024-09-30,54962205,54962295,Year-to-Date,4918735644738.25,6751551633812.29,1832815989074.04,1,28,28,280,T,SL,2,2.13,2024,4,2024,3,09,30
2024-09-30,54962170,54962174,January,447288317962.29,486072090101.51,38783772139.22,1,5,5,50,D,MTH,2,1.4,2024,4,2024,3,09,30
2024-09-30,54962170,54962175,February,262113909495.88,524547752690.11,262433843194.23,1,6,6,60,D,MTH,2,1.5,2024,4,2024,3,09,30
2024-09-30,54962170,54962176,March,313240364412.41,691675379586.27,378435015173.86,1,7,7,70,D,MTH,2,1.6,2024,4,2024,3,09,30
2024-09-30,54962170,54962177,April,638520361158.51,462339570809.39,-176180790349.12,1,8,8,80,D,MTH,2,1.7,2024,4,2024,3,09,30
2024-09-30,54962170,54962179,May,307486880350.41,547835120008.78,240348239658.37,1,9,9,90,D,MTH,2,1.8,2024,4,2024,3,09,30
2024-09-30,54962170,54962180,June,418316902368.96,646085314907.01,227768412538.05,1,10,10,100,D,MTH,2,1.9,2024,4,2024,3,09,30
2024-09-30,54962170,54962181,July,276160854143.85,496942951497.45,220782097353.60,1,11,11,110,D,MTH,2,1.10,2024,4,2024,3,09,30
2024-10-31,55269275,55269284,October,326770236058.10,584220579250.01,257450343191.91,1,16,16,160,D,MTH,2,2.1,2025,1,2024,4,10,31
2024-10-31,55269275,55269288,Year-to-Date,326770236058.10,584220579250.01,257450343191.91,1,17,17,280,T,SL,2,2.2,2025,1,2024,4,10,31
2024-10-31,55269168,55269253,July,330377428300.09,574118515597.52,243741087297.43,1,11,11,110,D,MTH,2,1.10,2025,1,2024,4,10,31
2024-10-31,55269168,55269257,August,306539737019.32,686620142453.82,380080405434.50,1,12,12,120,D,MTH,2,1.11,2025,1,2024,4,10,31
2024-10-31,55269168,55269262,September,526988280615.09,462290342702.83,-64697937912.26,1,13,13,130,D,MTH,2,1.12,2025,1,2024,4,10,31
2024-10-31,55269168,55269266,Year-to-Date,4918104214376.26,6750485274405.78,1832381060029.52,1,14,14,140,T,SL,2,1.13,2025,1,2024,4,10,31
2024-10-31,null,55269275,FY 2025,null,null,null,1,15,15,150,S,SL,1,2,2025,1,2024,4,10,31
2024-10-31,55269168,55269239,April,776198093176.94,566668786551.61,-209529306625.33,1,8,8,80,D,MTH,2,1.7,2025,1,2024,4,10,31
2024-10-31,55269168,55269244,May,323646986978.40,670777880670.05,347130893691.65,1,9,9,90,D,MTH,2,1.8,2025,1,2024,4,10,31
2024-10-31,55269168,55269248,June,466254918407.16,537220210883.50,70965292476.34,1,10,10,100,D,MTH,2,1.9,2025,1,2024,4,10,31
2024-10-31,null,55269168,FY 2024,null,null,null,1,1,1,10,S,SL,1,1,2025,1,2024,4,10,31
2024-10-31,55269168,55269176,October,403433540919.80,469997092049.53,66563551129.73,1,2,2,20,D,MTH,2,1.1,2025,1,2024,4,10,31
2024-10-31,55269168,55269186,November,274830035781.15,588842038068.24,314012002287.09,1,3,3,30,D,MTH,2,1.2,2025,1,2024,4,10,31
2024-10-31,55269168,55269190,December,429310654566.08,558664769130.32,129354114564.24,1,4,4,40,D,MTH,2,1.3,2025,1,2024,4,10,31
2024-10-31,55269168,55269226,January,477319655457.16,499250008026.88,21930352569.72,1,5,5,50,D,MTH,2,1.4,2025,1,2024,4,10,31
2024-10-31,55269168,55269230,February,271126068759.09,567400720600.28,296274651841.19,1,6,6,60,D,MTH,2,1.5,2025,1,2024,4,10,31
2024-10-31,55269168,55269235,March,332078814395.98,568634767671.20,236555953275.22,1,7,7,70,D,MTH,2,1.6,2025,1,2024,4,10,31
2024-11-30,null,55362602,FY 2024,null,null,null,1,1,1,10,S,SL,1,1,2025,1,2024,4,11,30
2024-11-30,55362602,55362614,October,403433540919.80,469997092049.53,66563551129.73,1,2,2,20,D,MTH,2,1.1,2025,1,2024,4,11,30
2024-11-30,55362602,55362615,November,274830035781.15,588842038068.24,314012002287.09,1,3,3,30,D,MTH,2,1.2,2025,1,2024,4,11,30
2024-11-30,55362602,55362618,December,429310654566.08,558664769130.32,129354114564.24,1,4,4,40,D,MTH,2,1.3,2025,1,2024,4,11,30
2024-11-30,55362602,55362620,January,477319655457.16,499250008026.88,21930352569.72,1,5,5,50,D,MTH,2,1.4,2025,1,2024,4,11,30
2024-11-30,55362602,55362623,February,271126068759.09,567400720600.28,296274651841.19,1,6,6,60,D,MTH,2,1.5,2025,1,2024,4,11,30
2024-11-30,55362602,55362625,March,332078814395.98,568634767671.20,236555953275.22,1,7,7,70,D,MTH,2,1.6,2025,1,2024,4,11,30
2024-11-30,55362602,55362627,April,776198093176.94,566668786551.61,-209529306625.33,1,8,8,80,D,MTH,2,1.7,2025,1,2024,4,11,30
2024-11-30,55362602,55362629,May,323646986978.40,670777880670.05,347130893691.65,1,9,9,90,D,MTH,2,1.8,2025,1,2024,4,11,30
2024-11-30,55362602,55362631,June,466254918407.16,537220210883.50,70965292476.34,1,10,10,100,D,MTH,2,1.9,2025,1,2024,4,11,30
2024-11-30,55362602,55362633,July,330377428300.09,574118515597.52,243741087297.43,1,11,11,110,D,MTH,2,1.10,2025,1,2024,4,11,30
2024-11-30,55362602,55362636,August,306539737019.32,686620142453.82,380080405434.50,1,12,12,120,D,MTH,2,1.11,2025,1,2024,4,11,30
2024-11-30,55362602,55362638,September,526988280615.09,462290342702.83,-64697937912.26,1,13,13,130,D,MTH,2,1.12,2025,1,2024,4,11,30
2024-11-30,55362602,55362640,Year-to-Date,4918104214376.26,6750485274405.78,1832381060029.52,1,14,14,140,T,SL,2,1.13,2025,1,2024,4,11,30
2024-11-30,null,55362643,FY 2025,null,null,null,1,15,15,150,S,SL,1,2,2025,1,2024,4,11,30
2024-11-30,55362643,55362646,October,326770236058.10,584220579250.01,257450343191.91,1,16,16,160,D,MTH,2,2.1,2025,1,2024,4,11,30
2024-11-30,55362643,55362648,November,301754299812.79,668517364180.86,366763064368.07,1,17,17,170,D,MTH,2,2.2,2025,1,2024,4,11,30
2024-11-30,55362643,55362650,Year-to-Date,628524535870.89,1252737943430.87,624213407559.98,1,18,18,280,T,SL,2,2.3,2025,1,2024,4,11,30
2024-12-31,55397612,55397617,October,326770236058.10,584220273025.31,257450036967.21,1,16,16,160,D,MTH,2,2.1,2025,1,2024,4,12,31
2024-12-31,55397612,55397620,November,301754299812.79,668517135060.47,366762835247.68,1,17,17,170,D,MTH,2,2.2,2025,1,2024,4,12,31
2024-12-31,55397612,55397624,December,454414708491.47,541146327504.76,86731619013.29,1,18,18,180,D,MTH,2,2.3,2025,1,2024,4,12,31
2024-12-31,55397612,55397627,Year-to-Date,1082939244362.36,1793883735590.54,710944491228.18,1,19,19,280,T,SL,2,2.4,2025,1,2024,4,12,31
2024-12-31,null,55397558,FY 2024,null,null,null,1,1,1,10,S,SL,1,1,2025,1,2024,4,12,31
2024-12-31,55397558,55397607,Year-to-Date,4918104214376.26,6750493399582.69,1832389185206.43,1,14,14,140,T,SL,2,1.13,2025,1,2024,4,12,31
2024-12-31,null,55397612,FY 2025,null,null,null,1,15,15,150,S,SL,1,2,2025,1,2024,4,12,31
2024-12-31,55397558,55397570,October,403433540919.80,469997092049.53,66563551129.73,1,2,2,20,D,MTH,2,1.1,2025,1,2024,4,12,31
2024-12-31,55397558,55397572,November,274830035781.15,588842038068.24,314012002287.09,1,3,3,30,D,MTH,2,1.2,2025,1,2024,4,12,31
2024-12-31,55397558,55397576,December,429310654566.08,558664769130.32,129354114564.24,1,4,4,40,D,MTH,2,1.3,2025,1,2024,4,12,31
2024-12-31,55397558,55397580,January,477319655457.16,499250008026.88,21930352569.72,1,5,5,50,D,MTH,2,1.4,2025,1,2024,4,12,31
2024-12-31,55397558,55397582,February,271126068759.09,567400720600.28,296274651841.19,1,6,6,60,D,MTH,2,1.5,2025,1,2024,4,12,31
2024-12-31,55397558,55397586,March,332078814395.98,568634767671.20,236555953275.22,1,7,7,70,D,MTH,2,1.6,2025,1,2024,4,12,31
2024-12-31,55397558,55397589,April,776198093176.94,566668786551.61,-209529306625.33,1,8,8,80,D,MTH,2,1.7,2025,1,2024,4,12,31
2024-12-31,55397558,55397592,May,323646986978.40,670777880670.05,347130893691.65,1,9,9,90,D,MTH,2,1.8,2025,1,2024,4,12,31
2024-12-31,55397558,55397595,June,466254918407.16,537220210883.50,70965292476.34,1,10,10,100,D,MTH,2,1.9,2025,1,2024,4,12,31
2024-12-31,55397558,55397598,July,330377428300.09,574118515597.52,243741087297.43,1,11,11,110,D,MTH,2,1.10,2025,1,2024,4,12,31
2024-12-31,55397558,55397601,August,306539737019.32,686620142453.82,380080405434.50,1,12,12,120,D,MTH,2,1.11,2025,1,2024,4,12,31
2024-12-31,55397558,55397604,September,526988280615.09,462298467879.74,-64689812735.35,1,13,13,130,D,MTH,2,1.12,2025,1,2024,4,12,31
2025-01-31,null,55497018,FY 2024,null,null,null,1,1,1,10,S,SL,1,1,2025,2,2025,1,01,31
2025-01-31,55497018,55497079,Year-to-Date,4918104214376.26,6750493399582.69,1832389185206.43,1,14,14,140,T,SL,2,1.13,2025,2,2025,1,01,31
2025-01-31,null,55497084,FY 2025,null,null,null,1,15,15,150,S,SL,1,2,2025,2,2025,1,01,31
2025-01-31,55497084,55497091,October,326770236058.10,584220273025.31,257450036967.21,1,16,16,160,D,MTH,2,2.1,2025,2,2025,1,01,31
2025-01-31,55497084,55497094,November,301754299812.79,668517135060.47,366762835247.68,1,17,17,170,D,MTH,2,2.2,2025,2,2025,1,01,31
2025-01-31,55497084,55497097,December,454414708491.47,541146327504.76,86731619013.29,1,18,18,180,D,MTH,2,2.3,2025,2,2025,1,01,31
2025-01-31,55497084,55497100,January,513294342651.93,641934549325.42,128640206673.49,1,19,19,190,D,MTH,2,2.4,2025,2,2025,1,01,31
2025-01-31,55497084,55497103,Year-to-Date,1596233587014.29,2435818284915.96,839584697901.67,1,20,20,280,T,SL,2,2.5,2025,2,2025,1,01,31
2025-01-31,55497018,55497031,October,403433540919.80,469997092049.53,66563551129.73,1,2,2,20,D,MTH,2,1.1,2025,2,2025,1,01,31
2025-01-31,55497018,55497033,November,274830035781.15,588842038068.24,314012002287.09,1,3,3,30,D,MTH,2,1.2,2025,2,2025,1,01,31
2025-01-31,55497018,55497035,December,429310654566.08,558664769130.32,129354114564.24,1,4,4,40,D,MTH,2,1.3,2025,2,2025,1,01,31
2025-01-31,55497018,55497039,February,271126068759.09,567400720600.28,296274651841.19,1,6,6,60,D,MTH,2,1.5,2025,2,2025,1,01,31
2025-01-31,55497018,55497056,March,332078814395.98,568634767671.20,236555953275.22,1,7,7,70,D,MTH,2,1.6,2025,2,2025,1,01,31
2025-01-31,55497018,55497061,April,776198093176.94,566668786551.61,-209529306625.33,1,8,8,80,D,MTH,2,1.7,2025,2,2025,1,01,31
2025-01-31,55497018,55497064,May,323646986978.40,670777880670.05,347130893691.65,1,9,9,90,D,MTH,2,1.8,2025,2,2025,1,01,31
2025-01-31,55497018,55497067,June,466254918407.16,537220210883.50,70965292476.34,1,10,10,100,D,MTH,2,1.9,2025,2,2025,1,01,31
2025-01-31,55497018,55497070,July,330377428300.09,574118515597.52,243741087297.43,1,11,11,110,D,MTH,2,1.10,2025,2,2025,1,01,31
2025-01-31,55497018,55497073,August,306539737019.32,686620142453.82,380080405434.50,1,12,12,120,D,MTH,2,1.11,2025,2,2025,1,01,31
2025-01-31,55497018,55497076,September,526988280615.09,462298467879.74,-64689812735.35,1,13,13,130,D,MTH,2,1.12,2025,2,2025,1,01,31
2025-01-31,55497018,55497037,January,477319655457.16,499250008026.88,21930352569.72,1,5,5,50,D,MTH,2,1.4,2025,2,2025,1,01,31
2025-02-28,null,55680874,FY 2024,null,null,null,1,1,1,10,S,SL,1,1,2025,2,2025,1,02,28
2025-02-28,55680874,55680904,April,776198093176.94,566668786551.61,-209529306625.33,1,8,8,80,D,MTH,2,1.7,2025,2,2025,1,02,28
2025-02-28,55680874,55680908,May,323646986978.40,670777880670.05,347130893691.65,1,9,9,90,D,MTH,2,1.8,2025,2,2025,1,02,28
2025-02-28,55680874,55680912,June,466254918407.16,537220210883.50,70965292476.34,1,10,10,100,D,MTH,2,1.9,2025,2,2025,1,02,28
2025-02-28,55680874,55680915,July,330377428300.09,574118515597.52,243741087297.43,1,11,11,110,D,MTH,2,1.10,2025,2,2025,1,02,28
2025-02-28,55680874,55680918,August,306539737019.32,686620142453.82,380080405434.50,1,12,12,120,D,MTH,2,1.11,2025,2,2025,1,02,28
2025-02-28,55680874,55680921,September,526988280615.09,462298467879.74,-64689812735.35,1,13,13,130,D,MTH,2,1.12,2025,2,2025,1,02,28
2025-02-28,55680874,55680925,Year-to-Date,4918104214376.26,6750493399582.69,1832389185206.43,1,14,14,140,T,SL,2,1.13,2025,2,2025,1,02,28
2025-02-28,null,55680933,FY 2025,null,null,null,1,15,15,150,S,SL,1,2,2025,2,2025,1,02,28
2025-02-28,55680933,55680942,October,326770236058.10,584220273025.31,257450036967.21,1,16,16,160,D,MTH,2,2.1,2025,2,2025,1,02,28
2025-02-28,55680933,55680943,November,301754299812.79,668517135060.47,366762835247.68,1,17,17,170,D,MTH,2,2.2,2025,2,2025,1,02,28
2025-02-28,55680933,55680946,December,454414708491.47,541146327504.76,86731619013.29,1,18,18,180,D,MTH,2,2.3,2025,2,2025,1,02,28
2025-02-28,55680933,55680951,January,513294342651.93,641934549325.42,128640206673.49,1,19,19,190,D,MTH,2,2.4,2025,2,2025,1,02,28
2025-02-28,55680933,55680955,February,296423683822.57,603440878521.84,307017194699.27,1,20,20,200,D,MTH,2,2.5,2025,2,2025,1,02,28
2025-02-28,55680933,55680959,Year-to-Date,1892657270836.86,3039259163437.80,1146601892600.94,1,21,21,280,T,SL,2,2.6,2025,2,2025,1,02,28
2025-02-28,55680874,55680884,October,403433540919.80,469997092049.53,66563551129.73,1,2,2,20,D,MTH,2,1.1,2025,2,2025,1,02,28
2025-02-28,55680874,55680886,November,274830035781.15,588842038068.24,314012002287.09,1,3,3,30,D,MTH,2,1.2,2025,2,2025,1,02,28
2025-02-28,55680874,55680890,December,429310654566.08,558664769130.32,129354114564.24,1,4,4,40,D,MTH,2,1.3,2025,2,2025,1,02,28
2025-02-28,55680874,55680893,January,477319655457.16,499250008026.88,21930352569.72,1,5,5,50,D,MTH,2,1.4,2025,2,2025,1,02,28
2025-02-28,55680874,55680897,February,271126068759.09,567400720600.28,296274651841.19,1,6,6,60,D,MTH,2,1.5,2025,2,2025,1,02,28
2025-02-28,55680874,55680900,March,332078814395.98,568634767671.20,236555953275.22,1,7,7,70,D,MTH,2,1.6,2025,2,2025,1,02,28
2025-03-31,55872541,55872543,November,274830035781.15,588842038068.24,314012002287.09,1,3,3,30,D,MTH,2,1.2,2025,2,2025,1,03,31
2025-03-31,55872541,55872544,December,429310654566.08,558664769130.32,129354114564.24,1,4,4,40,D,MTH,2,1.3,2025,2,2025,1,03,31
2025-03-31,null,55872541,FY 2024,null,null,null,1,1,1,10,S,SL,1,1,2025,2,2025,1,03,31
2025-03-31,55872541,55872542,October,403433540919.80,469997092049.53,66563551129.73,1,2,2,20,D,MTH,2,1.1,2025,2,2025,1,03,31
2025-03-31,55872598,55872644,February,296423683822.57,603440881114.84,307017197292.27,1,20,20,200,D,MTH,2,2.5,2025,2,2025,1,03,31
2025-03-31,55872598,55872647,March,367635170990.32,528165492489.68,160530321499.36,1,21,21,210,D,MTH,2,2.6,2025,2,2025,1,03,31
2025-03-31,55872598,55872650,Year-to-Date,2260292441827.18,3567424658520.48,1307132216693.30,1,22,22,280,T,SL,2,2.7,2025,2,2025,1,03,31
2025-03-31,55872598,55872608,November,301754299812.79,668517135060.47,366762835247.68,1,17,17,170,D,MTH,2,2.2,2025,2,2025,1,03,31
2025-03-31,55872598,55872637,December,454414708491.47,541146327504.76,86731619013.29,1,18,18,180,D,MTH,2,2.3,2025,2,2025,1,03,31
2025-03-31,55872598,55872641,January,513294342651.93,641934549325.42,128640206673.49,1,19,19,190,D,MTH,2,2.4,2025,2,2025,1,03,31
2025-03-31,55872541,55872545,January,477319655457.16,499250008026.88,21930352569.72,1,5,5,50,D,MTH,2,1.4,2025,2,2025,1,03,31
2025-03-31,55872541,55872569,February,271126068759.09,567400720600.28,296274651841.19,1,6,6,60,D,MTH,2,1.5,2025,2,2025,1,03,31
2025-03-31,55872541,55872571,March,332078814395.98,568634767671.20,236555953275.22,1,7,7,70,D,MTH,2,1.6,2025,2,2025,1,03,31
2025-03-31,55872541,55872573,April,776198093176.94,566668786551.61,-209529306625.33,1,8,8,80,D,MTH,2,1.7,2025,2,2025,1,03,31
2025-03-31,55872541,55872576,May,323646986978.40,670777880670.05,347130893691.65,1,9,9,90,D,MTH,2,1.8,2025,2,2025,1,03,31
2025-03-31,55872541,55872579,June,466254918407.16,537220210883.50,70965292476.34,1,10,10,100,D,MTH,2,1.9,2025,2,2025,1,03,31
2025-03-31,55872541,55872582,July,330377428300.09,574118515597.52,243741087297.43,1,11,11,110,D,MTH,2,1.10,2025,2,2025,1,03,31
2025-03-31,55872541,55872585,August,306539737019.32,686620142453.82,380080405434.50,1,12,12,120,D,MTH,2,1.11,2025,2,2025,1,03,31
2025-03-31,55872541,55872588,September,526988280615.09,462298467879.74,-64689812735.35,1,13,13,130,D,MTH,2,1.12,2025,2,2025,1,03,31
2025-03-31,null,55872598,FY 2025,null,null,null,1,15,15,150,S,SL,1,2,2025,2,2025,1,03,31
2025-03-31,55872541,55872590,Year-to-Date,4918104214376.26,6750493399582.69,1832389185206.43,1,14,14,140,T,SL,2,1.13,2025,2,2025,1,03,31
2025-03-31,55872598,55872605,October,326770236058.10,584220273025.31,257450036967.21,1,16,16,160,D,MTH,2,2.1,2025,2,2025,1,03,31
2025-04-30,56010432,56010452,April,850169317772.81,591769368657.85,-258399949114.96,1,22,22,220,D,MTH,2,2.7,2025,3,2025,2,04,30
2025-04-30,56010432,56010455,Year-to-Date,3110472019552.99,4159202287131.33,1048730267578.34,1,23,23,280,T,SL,2,2.8,2025,3,2025,2,04,30
2025-04-30,56010374,56010416,July,330377428300.09,574118515597.52,243741087297.43,1,11,11,110,D,MTH,2,1.10,2025,3,2025,2,04,30
2025-04-30,56010374,56010399,February,271126068759.09,567400720600.28,296274651841.19,1,6,6,60,D,MTH,2,1.5,2025,3,2025,2,04,30
2025-04-30,56010374,56010402,March,332078814395.98,568634767671.20,236555953275.22,1,7,7,70,D,MTH,2,1.6,2025,3,2025,2,04,30
2025-04-30,56010374,56010404,April,776198093176.94,566668786551.61,-209529306625.33,1,8,8,80,D,MTH,2,1.7,2025,3,2025,2,04,30
2025-04-30,56010374,56010411,May,323646986978.40,670777880670.05,347130893691.65,1,9,9,90,D,MTH,2,1.8,2025,3,2025,2,04,30
2025-04-30,56010374,56010412,June,466254918407.16,537220210883.50,70965292476.34,1,10,10,100,D,MTH,2,1.9,2025,3,2025,2,04,30
2025-04-30,null,56010374,FY 2024,null,null,null,1,1,1,10,S,SL,1,1,2025,3,2025,2,04,30
2025-04-30,56010374,56010375,October,403433540919.80,469997092049.53,66563551129.73,1,2,2,20,D,MTH,2,1.1,2025,3,2025,2,04,30
2025-04-30,56010374,56010376,November,274830035781.15,588842038068.24,314012002287.09,1,3,3,30,D,MTH,2,1.2,2025,3,2025,2,04,30
2025-04-30,56010374,56010377,December,429310654566.08,558664769130.32,129354114564.24,1,4,4,40,D,MTH,2,1.3,2025,3,2025,2,04,30
2025-04-30,null,56010432,FY 2025,null,null,null,1,15,15,150,S,SL,1,2,2025,3,2025,2,04,30
2025-04-30,56010432,56010436,October,326770236058.10,584220273025.31,257450036967.21,1,16,16,160,D,MTH,2,2.1,2025,3,2025,2,04,30
2025-04-30,56010432,56010439,November,301754299812.79,668517135060.47,366762835247.68,1,17,17,170,D,MTH,2,2.2,2025,3,2025,2,04,30
2025-04-30,56010432,56010441,December,454414708491.47,541146327504.76,86731619013.29,1,18,18,180,D,MTH,2,2.3,2025,3,2025,2,04,30
2025-04-30,56010432,56010444,January,513294342651.93,641934549325.42,128640206673.49,1,19,19,190,D,MTH,2,2.4,2025,3,2025,2,04,30
2025-04-30,56010374,56010378,January,477319655457.16,499250008026.88,21930352569.72,1,5,5,50,D,MTH,2,1.4,2025,3,2025,2,04,30
2025-04-30,56010374,56010419,August,306539737019.32,686620142453.82,380080405434.50,1,12,12,120,D,MTH,2,1.11,2025,3,2025,2,04,30
2025-04-30,56010374,56010423,September,526989591753.68,462307395567.88,-64682196185.80,1,13,13,130,D,MTH,2,1.12,2025,3,2025,2,04,30
2025-04-30,56010374,56010427,Year-to-Date,4918105525514.85,6750502327270.83,1832396801755.98,1,14,14,140,T,SL,2,1.13,2025,3,2025,2,04,30
2025-04-30,56010432,56010446,February,296423683822.57,603440881114.84,307017197292.27,1,20,20,200,D,MTH,2,2.5,2025,3,2025,2,04,30
2025-04-30,56010432,56010450,March,367645430943.32,528173752442.68,160528321499.36,1,21,21,210,D,MTH,2,2.6,2025,3,2025,2,04,30
2025-05-31,56242421,56242441,November,274830035781.15,588842038068.24,314012002287.09,1,3,3,30,D,MTH,2,1.2,2025,3,2025,2,05,31
2025-05-31,56242421,56242444,December,429310654566.08,558664769130.32,129354114564.24,1,4,4,40,D,MTH,2,1.3,2025,3,2025,2,05,31
2025-05-31,56242421,56242446,January,477319655457.16,499250008026.88,21930352569.72,1,5,5,50,D,MTH,2,1.4,2025,3,2025,2,05,31
2025-05-31,56242421,56242449,February,271126068759.09,567400720600.28,296274651841.19,1,6,6,60,D,MTH,2,1.5,2025,3,2025,2,05,31
2025-05-31,null,56242421,FY 2024,null,null,null,1,1,1,10,S,SL,1,1,2025,3,2025,2,05,31
2025-05-31,56242421,56242435,October,403433540919.80,469997092049.53,66563551129.73,1,2,2,20,D,MTH,2,1.1,2025,3,2025,2,05,31
2025-05-31,56242421,56242453,March,332078814395.98,568634767671.20,236555953275.22,1,7,7,70,D,MTH,2,1.6,2025,3,2025,2,05,31
2025-05-31,56242421,56242456,April,776198093176.94,566668786551.61,-209529306625.33,1,8,8,80,D,MTH,2,1.7,2025,3,2025,2,05,31
2025-05-31,56242421,56242460,May,323646986978.40,670777880670.05,347130893691.65,1,9,9,90,D,MTH,2,1.8,2025,3,2025,2,05,31
2025-05-31,56242421,56242463,June,466254918407.16,537220210883.50,70965292476.34,1,10,10,100,D,MTH,2,1.9,2025,3,2025,2,05,31
2025-05-31,56242421,56242465,July,330377428300.09,574118515597.52,243741087297.43,1,11,11,110,D,MTH,2,1.10,2025,3,2025,2,05,31
2025-05-31,56242421,56242468,August,306539737019.32,686620142453.82,380080405434.50,1,12,12,120,D,MTH,2,1.11,2025,3,2025,2,05,31
2025-05-31,56242421,56242472,September,526989591753.68,462304398010.84,-64685193742.84,1,13,13,130,D,MTH,2,1.12,2025,3,2025,2,05,31
2025-05-31,56242421,56242476,Year-to-Date,4918105525514.85,6750499329713.79,1832393804198.94,1,14,14,140,T,SL,2,1.13,2025,3,2025,2,05,31
2025-05-31,null,56242483,FY 2025,null,null,null,1,15,15,150,S,SL,1,2,2025,3,2025,2,05,31
2025-05-31,56242483,56242490,October,326770236058.10,584220273025.31,257450036967.21,1,16,16,160,D,MTH,2,2.1,2025,3,2025,2,05,31
2025-05-31,56242483,56242493,November,301754299812.79,668517135060.47,366762835247.68,1,17,17,170,D,MTH,2,2.2,2025,3,2025,2,05,31
2025-05-31,56242483,56242496,December,454414708491.47,541146327504.76,86731619013.29,1,18,18,180,D,MTH,2,2.3,2025,3,2025,2,05,31
2025-05-31,56242483,56242498,January,513294342651.93,641934549325.42,128640206673.49,1,19,19,190,D,MTH,2,2.4,2025,3,2025,2,05,31
2025-05-31,56242483,56242501,February,296423683822.57,603440881114.84,307017197292.27,1,20,20,200,D,MTH,2,2.5,2025,3,2025,2,05,31
2025-05-31,56242483,56242504,March,367645430943.32,528173752442.68,160528321499.36,1,21,21,210,D,MTH,2,2.6,2025,3,2025,2,05,31
2025-05-31,56242483,56242507,April,850169317772.81,591769368657.85,-258399949114.96,1,22,22,220,D,MTH,2,2.7,2025,3,2025,2,05,31
2025-05-31,56242483,56242509,May,371228857110.76,687232618300.20,316003761189.44,1,23,23,230,D,MTH,2,2.8,2025,3,2025,2,05,31
2025-05-31,56242483,56242512,Year-to-Date,3481700876663.75,4846434905431.53,1364734028767.78,1,24,24,280,T,SL,2,2.9,2025,3,2025,2,05,31
